{
  "correctness": {
    "max_abs_diff": 0.05377197265625,
    "per_rank_max_abs_diff": [
      0.04901123046875,
      0.05377197265625
    ]
  },
  "entrypoint": "torch_npu.npu_mm_reduce_scatter_base",
  "rank_reports": [
    {
      "correctness": {
        "max_abs_diff": 0.04901123046875
      },
      "device": "npu:0",
      "hcom_name": "group_name_0",
      "rank": 0,
      "status": "ok",
      "timings_ms": {
        "max": 0.7537940982729197,
        "median": 0.5393230821937323,
        "min": 0.5114730447530746
      },
      "world_size": 2
    },
    {
      "correctness": {
        "max_abs_diff": 0.05377197265625
      },
      "device": "npu:1",
      "hcom_name": "group_name_0",
      "rank": 1,
      "status": "ok",
      "timings_ms": {
        "max": 0.5986031610518694,
        "median": 0.539997941814363,
        "min": 0.5107629112899303
      },
      "world_size": 2
    }
  ],
  "reference_contract": "reduce_scatter(sum_i(x1_i @ x2_i))",
  "status": "ok",
  "timings_ms": {
    "max": 0.7537940982729197,
    "median": 0.539997941814363,
    "min": 0.5107629112899303,
    "per_rank_median": [
      0.5393230821937323,
      0.539997941814363
    ]
  },
  "variant": {
    "bias": false,
    "comm_turn": 0,
    "dtype": "float16",
    "expected_world_size": 2,
    "k": 256,
    "m": 128,
    "n": 128,
    "reduce_op": "sum",
    "seed": 0,
    "stream_mode": 1
  },
  "world_size": 2
}