{
  "correctness": {
    "gather_max_abs_diff": 0.0,
    "max_abs_diff": 0.000244140625,
    "output_max_abs_diff": 0.000244140625
  },
  "device": "npu:0",
  "rank": 0,
  "status": "ok",
  "timings_ms": {
    "max": 1.2028880883008242,
    "median": 1.0100159561261535,
    "min": 0.9372360073029995
  },
  "world_size": 2
}