{
  "correctness": {
    "max_abs_diff": 0.00390625,
    "norm_max_abs_diff": 0.00390625,
    "y_max_abs_diff": 0.0009765625
  },
  "device": "npu:1",
  "hcom_name": "group_name_0",
  "rank": 1,
  "status": "ok",
  "timings_ms": {
    "max": 0.799903878942132,
    "median": 0.5832631140947342,
    "min": 0.5610939115285873
  },
  "world_size": 2
}