{
  "correctness": {
    "max_abs_diff": 0.0005393028259277344
  },
  "device": "npu:1",
  "hcom_name": "group_name_0",
  "rank": 1,
  "status": "ok",
  "timings_ms": {
    "max": 0.6374039221554995,
    "median": 0.5889335880056024,
    "min": 0.5491930060088634
  },
  "world_size": 2
}