{
  "correctness": {
    "gather_max_abs_diff": 0.0,
    "max_abs_diff": 0.000244140625,
    "output_max_abs_diff": 0.000244140625
  },
  "device": "npu:0",
  "rank": 0,
  "status": "ok",
  "timings_ms": {
    "max": 3.5541208926588297,
    "median": 0.9464204777032137,
    "min": 0.9194361045956612
  },
  "world_size": 2
}