{
  "correctness": {
    "atol": 0.001,
    "max_abs_diff": 0.0009765625,
    "passes": true,
    "rtol": 0.001
  },
  "entrypoint": "torch_npu.npu_mm_all_reduce_base",
  "reference_contract": "all_reduce(sum_i(x1_local_i @ x2))",
  "shape_summaries": [
    {
      "output": [
        128,
        128
      ],
      "world_size": 2,
      "x1_local": [
        128,
        256
      ],
      "x2": [
        256,
        128
      ]
    },
    {
      "output": [
        256,
        128
      ],
      "world_size": 2,
      "x1_local": [
        256,
        256
      ],
      "x2": [
        256,
        128
      ]
    }
  ],
  "status": "ok",
  "timings_ms": {
    "max": 0.7581349927932024,
    "median": 0.6053539691492915,
    "min": 0.49464311450719833
  },
  "variant_reports": [
    {
      "correctness": {
        "max_abs_diff": 0.0009765625,
        "per_rank_max_abs_diff": [
          0.0009765625,
          0.0009765625
        ]
      },
      "entrypoint": "torch_npu.npu_mm_all_reduce_base",
      "rank_reports": [
        {
          "correctness": {
            "max_abs_diff": 0.0009765625
          },
          "device": "npu:0",
          "hcom_name": "group_name_0",
          "rank": 0,
          "status": "ok",
          "timings_ms": {
            "max": 0.6495439447462559,
            "median": 0.5737134488299489,
            "min": 0.5021030083298683
          },
          "world_size": 2
        },
        {
          "correctness": {
            "max_abs_diff": 0.0009765625
          },
          "device": "npu:1",
          "hcom_name": "group_name_0",
          "rank": 1,
          "status": "ok",
          "timings_ms": {
            "max": 0.7459239568561316,
            "median": 0.6053539691492915,
            "min": 0.5049228202551603
          },
          "world_size": 2
        }
      ],
      "reference_contract": "all_reduce(sum_i(x1_local_i @ x2))",
      "shape_summary": {
        "output": [
          128,
          128
        ],
        "world_size": 2,
        "x1_local": [
          128,
          256
        ],
        "x2": [
          256,
          128
        ]
      },
      "status": "ok",
      "timings_ms": {
        "max": 0.7459239568561316,
        "median": 0.6053539691492915,
        "min": 0.5021030083298683,
        "per_rank_median": [
          0.5737134488299489,
          0.6053539691492915
        ]
      },
      "variant": {
        "dtype": "float16",
        "expected_world_size": 2,
        "input_scale": 0.125,
        "k": 256,
        "m": 128,
        "n": 128,
        "reduce_op": "sum",
        "seed": 0
      },
      "world_size": 2
    },
    {
      "correctness": {
        "max_abs_diff": 0.0009765625,
        "per_rank_max_abs_diff": [
          0.0009765625,
          0.0009765625
        ]
      },
      "entrypoint": "torch_npu.npu_mm_all_reduce_base",
      "rank_reports": [
        {
          "correctness": {
            "max_abs_diff": 0.0009765625
          },
          "device": "npu:0",
          "hcom_name": "group_name_0",
          "rank": 0,
          "status": "ok",
          "timings_ms": {
            "max": 0.7334148976951838,
            "median": 0.5360778886824846,
            "min": 0.5077130626887083
          },
          "world_size": 2
        },
        {
          "correctness": {
            "max_abs_diff": 0.0009765625
          },
          "device": "npu:1",
          "hcom_name": "group_name_0",
          "rank": 1,
          "status": "ok",
          "timings_ms": {
            "max": 0.7581349927932024,
            "median": 0.5381930386647582,
            "min": 0.49464311450719833
          },
          "world_size": 2
        }
      ],
      "reference_contract": "all_reduce(sum_i(x1_local_i @ x2))",
      "shape_summary": {
        "output": [
          256,
          128
        ],
        "world_size": 2,
        "x1_local": [
          256,
          256
        ],
        "x2": [
          256,
          128
        ]
      },
      "status": "ok",
      "timings_ms": {
        "max": 0.7581349927932024,
        "median": 0.5381930386647582,
        "min": 0.49464311450719833,
        "per_rank_median": [
          0.5360778886824846,
          0.5381930386647582
        ]
      },
      "variant": {
        "dtype": "float16",
        "expected_world_size": 2,
        "input_scale": 0.125,
        "k": 256,
        "m": 256,
        "n": 128,
        "reduce_op": "sum",
        "seed": 1
      },
      "world_size": 2
    }
  ],
  "variants": [
    {
      "dtype": "float16",
      "expected_world_size": 2,
      "input_scale": 0.125,
      "k": 256,
      "m": 128,
      "n": 128,
      "reduce_op": "sum",
      "seed": 0
    },
    {
      "dtype": "float16",
      "expected_world_size": 2,
      "input_scale": 0.125,
      "k": 256,
      "m": 256,
      "n": 128,
      "reduce_op": "sum",
      "seed": 1
    }
  ]
}