{
  "correctness": {
    "max_abs_diff": 0.0007658004760742188
  },
  "device": "npu:0",
  "rank": 0,
  "reference_contract": "host_orchestrated_all_reduce_then_chunk",
  "status": "ok",
  "timings_ms": {
    "max": 3.285719081759453,
    "median": 0.7055844180285931,
    "min": 0.669974135234952
  },
  "world_size": 2
}