{
  "correctness": {
    "max_abs_diff": 0.0008401870727539062
  },
  "device": "npu:1",
  "rank": 1,
  "reference_contract": "host_orchestrated_all_reduce_then_chunk",
  "status": "ok",
  "timings_ms": {
    "max": 3.255018964409828,
    "median": 0.7052390137687325,
    "min": 0.6766640581190586
  },
  "world_size": 2
}