{
  "correctness": {
    "max_abs_diff": 0.0005393028259277344
  },
  "device": "npu:1",
  "rank": 1,
  "reference_contract": "host_orchestrated_all_reduce_then_chunk",
  "status": "ok",
  "timings_ms": {
    "max": 0.7683339063078165,
    "median": 0.6930689560249448,
    "min": 0.6741140969097614
  },
  "world_size": 2
}