{
  "correctness": {
    "atol": 0.01,
    "max_abs_diff": 0.0078125,
    "passes": true,
    "rtol": 0.01
  },
  "entrypoint": "torch_npu.npu_interleave_rope",
  "reference_contract": "fp16_interleave_rope_bnsd_d64",
  "shape_summaries": [
    {
      "cos": [
        1,
        1,
        32,
        64
      ],
      "sin": [
        1,
        1,
        32,
        64
      ],
      "x": [
        1,
        1,
        32,
        64
      ],
      "y": [
        1,
        1,
        32,
        64
      ]
    },
    {
      "cos": [
        2,
        1,
        32,
        64
      ],
      "sin": [
        2,
        1,
        32,
        64
      ],
      "x": [
        2,
        1,
        32,
        64
      ],
      "y": [
        2,
        1,
        32,
        64
      ]
    }
  ],
  "status": "ok",
  "timings_ms": {
    "max": 0.11690100654959679,
    "median": 0.09362050332129002,
    "min": 0.09022117592394352
  },
  "variant_reports": [
    {
      "correctness": {
        "max_abs_diff": 0.0078125
      },
      "shape_summary": {
        "cos": [
          1,
          1,
          32,
          64
        ],
        "sin": [
          1,
          1,
          32,
          64
        ],
        "x": [
          1,
          1,
          32,
          64
        ],
        "y": [
          1,
          1,
          32,
          64
        ]
      },
      "timings_ms": {
        "max": 0.11690100654959679,
        "median": 0.09361549746245146,
        "min": 0.0906710047274828
      },
      "variant": {
        "batch": 1,
        "dtype": "float16",
        "head_dim": 64,
        "heads": 1,
        "seed": 0,
        "seq_len": 32
      }
    },
    {
      "correctness": {
        "max_abs_diff": 0.0078125
      },
      "shape_summary": {
        "cos": [
          2,
          1,
          32,
          64
        ],
        "sin": [
          2,
          1,
          32,
          64
        ],
        "x": [
          2,
          1,
          32,
          64
        ],
        "y": [
          2,
          1,
          32,
          64
        ]
      },
      "timings_ms": {
        "max": 0.11644093319773674,
        "median": 0.09362050332129002,
        "min": 0.09022117592394352
      },
      "variant": {
        "batch": 2,
        "dtype": "float16",
        "head_dim": 64,
        "heads": 1,
        "seed": 1,
        "seq_len": 32
      }
    }
  ],
  "variants": [
    {
      "batch": 1,
      "dtype": "float16",
      "head_dim": 64,
      "heads": 1,
      "seed": 0,
      "seq_len": 32
    },
    {
      "batch": 2,
      "dtype": "float16",
      "head_dim": 64,
      "heads": 1,
      "seed": 1,
      "seq_len": 32
    }
  ]
}