{
  "correctness": {
    "max_abs_diff": 0.00390625,
    "norm_max_abs_diff": 0.00390625,
    "y_max_abs_diff": 0.0009765625
  },
  "device": "npu:0",
  "hcom_name": "group_name_0",
  "rank": 0,
  "status": "ok",
  "timings_ms": {
    "max": 0.6629240233451128,
    "median": 0.6074735429137945,
    "min": 0.5878040101379156
  },
  "world_size": 2
}