{
  "correctness": {
    "max_abs_diff": 0.0005393028259277344
  },
  "device": "npu:1",
  "hcom_name": "group_name_0",
  "rank": 1,
  "status": "ok",
  "timings_ms": {
    "max": 0.6423040758818388,
    "median": 0.5417934153228998,
    "min": 0.49790297634899616
  },
  "world_size": 2
}