{
  "correctness": {
    "max_abs_diff": 0.0006699562072753906
  },
  "device": "npu:0",
  "hcom_name": "group_name_0",
  "rank": 0,
  "status": "ok",
  "timings_ms": {
    "max": 0.7704251911491156,
    "median": 0.5397190107032657,
    "min": 0.5020629614591599
  },
  "world_size": 2
}