{
  "correctness": {
    "max_abs_diff": 0.00390625,
    "norm_max_abs_diff": 0.00390625,
    "y_max_abs_diff": 0.0009765625
  },
  "device": "npu:1",
  "hcom_name": "group_name_0",
  "rank": 1,
  "status": "ok",
  "timings_ms": {
    "max": 0.6490040104836226,
    "median": 0.5814529722556472,
    "min": 0.5645831115543842
  },
  "world_size": 2
}