{
  "correctness": {
    "max_abs_diff": 0.001953125,
    "norm_max_abs_diff": 0.001953125,
    "residual_y_max_abs_diff": 0.0009765625
  },
  "device": "npu:1",
  "rank": 1,
  "status": "ok",
  "timings_ms": {
    "max": 1.490678871050477,
    "median": 0.9851859649643302,
    "min": 0.9445350151509047
  },
  "world_size": 2
}