{
  "correctness": {
    "atol": 0.001,
    "max_abs_diff": 0.0625,
    "passes": false,
    "rtol": 0.001
  },
  "entrypoint": "torch_npu.npu_grouped_matmul",
  "reference_contract": "bf16_rounded_matmul",
  "shape_summaries": [
    {
      "output": [
        1,
        128,
        128
      ],
      "weight": [
        128,
        128
      ],
      "weight_v5": [
        1,
        128,
        128
      ],
      "x": [
        128,
        128
      ]
    },
    {
      "output": [
        1,
        64,
        256
      ],
      "weight": [
        128,
        256
      ],
      "weight_v5": [
        1,
        128,
        256
      ],
      "x": [
        64,
        128
      ]
    },
    {
      "output": [
        1,
        128,
        128
      ],
      "weight": [
        256,
        128
      ],
      "weight_v5": [
        1,
        256,
        128
      ],
      "x": [
        128,
        256
      ]
    }
  ],
  "status": "ok",
  "timings_ms": {
    "max": 0.15489105135202408,
    "median": 0.11448096483945847,
    "min": 0.10173115879297256
  },
  "variant_reports": [
    {
      "correctness": {
        "max_abs_diff": 0.00048828125
      },
      "output_type": "<class 'list'>",
      "shape_summary": {
        "output": [
          1,
          128,
          128
        ],
        "weight": [
          128,
          128
        ],
        "weight_v5": [
          1,
          128,
          128
        ],
        "x": [
          128,
          128
        ]
      },
      "timings_ms": {
        "max": 0.15489105135202408,
        "median": 0.11200038716197014,
        "min": 0.10421988554298878
      },
      "variant": {
        "baseline_weight_layout": "single_3d_weight_for_v5",
        "batch": 1,
        "input_dtype": "bfloat16",
        "k": 128,
        "m": 128,
        "n": 128,
        "output_dtype": "bfloat16",
        "seed": 0
      }
    },
    {
      "correctness": {
        "max_abs_diff": 0.03125
      },
      "output_type": "<class 'list'>",
      "shape_summary": {
        "output": [
          1,
          64,
          256
        ],
        "weight": [
          128,
          256
        ],
        "weight_v5": [
          1,
          128,
          256
        ],
        "x": [
          64,
          128
        ]
      },
      "timings_ms": {
        "max": 0.1392308622598648,
        "median": 0.11448096483945847,
        "min": 0.10591000318527222
      },
      "variant": {
        "baseline_weight_layout": "single_3d_weight_for_v5",
        "batch": 1,
        "input_dtype": "bfloat16",
        "k": 128,
        "m": 64,
        "n": 256,
        "output_dtype": "bfloat16",
        "seed": 1
      }
    },
    {
      "correctness": {
        "max_abs_diff": 0.0625
      },
      "output_type": "<class 'list'>",
      "shape_summary": {
        "output": [
          1,
          128,
          128
        ],
        "weight": [
          256,
          128
        ],
        "weight_v5": [
          1,
          256,
          128
        ],
        "x": [
          128,
          256
        ]
      },
      "timings_ms": {
        "max": 0.14070095494389534,
        "median": 0.11173600796610117,
        "min": 0.10173115879297256
      },
      "variant": {
        "baseline_weight_layout": "single_3d_weight_for_v5",
        "batch": 1,
        "input_dtype": "bfloat16",
        "k": 256,
        "m": 128,
        "n": 128,
        "output_dtype": "bfloat16",
        "seed": 2
      }
    }
  ],
  "variants": [
    {
      "baseline_weight_layout": "single_3d_weight_for_v5",
      "batch": 1,
      "input_dtype": "bfloat16",
      "k": 128,
      "m": 128,
      "n": 128,
      "output_dtype": "bfloat16",
      "seed": 0
    },
    {
      "baseline_weight_layout": "single_3d_weight_for_v5",
      "batch": 1,
      "input_dtype": "bfloat16",
      "k": 128,
      "m": 64,
      "n": 256,
      "output_dtype": "bfloat16",
      "seed": 1
    },
    {
      "baseline_weight_layout": "single_3d_weight_for_v5",
      "batch": 1,
      "input_dtype": "bfloat16",
      "k": 256,
      "m": 128,
      "n": 128,
      "output_dtype": "bfloat16",
      "seed": 2
    }
  ]
}