{
  "correctness": {
    "max_abs_diff": 0.0005393028259277344
  },
  "device": "npu:1",
  "rank": 1,
  "reference_contract": "host_orchestrated_all_reduce_then_chunk",
  "status": "ok",
  "timings_ms": {
    "max": 0.9754258207976818,
    "median": 0.6904889596626163,
    "min": 0.6600141059607267
  },
  "world_size": 2
}