{
  "correctness": {
    "max_abs_diff": 0.0008401870727539062
  },
  "device": "npu:1",
  "hcom_name": "group_name_0",
  "rank": 1,
  "status": "ok",
  "timings_ms": {
    "max": 0.7665141019970179,
    "median": 0.576413469389081,
    "min": 0.5077130626887083
  },
  "world_size": 2
}