{
  "correctness": {
    "max_abs_diff": 0.0007658004760742188
  },
  "device": "npu:0",
  "hcom_name": "group_name_0",
  "rank": 0,
  "status": "ok",
  "timings_ms": {
    "max": 0.7581249810755253,
    "median": 0.5503440042957664,
    "min": 0.5322529468685389
  },
  "world_size": 2
}