{
  "correctness": {
    "max_abs_diff": 0.0007658004760742188
  },
  "device": "npu:0",
  "rank": 0,
  "reference_contract": "host_orchestrated_all_reduce_then_chunk",
  "status": "ok",
  "timings_ms": {
    "max": 1.6485601663589478,
    "median": 0.7294195238500834,
    "min": 0.6980749312788248
  },
  "world_size": 2
}