{
  "correctness": {
    "max_abs_diff": 0.0008401870727539062
  },
  "device": "npu:1",
  "rank": 1,
  "reference_contract": "host_orchestrated_all_reduce_then_chunk",
  "status": "ok",
  "timings_ms": {
    "max": 2.1255919709801674,
    "median": 0.7304348982870579,
    "min": 0.6933750119060278
  },
  "world_size": 2
}