{
  "correctness": {
    "max_abs_diff": 0.0007658004760742188
  },
  "device": "npu:0",
  "hcom_name": "group_name_0",
  "rank": 0,
  "status": "ok",
  "timings_ms": {
    "max": 0.6228031124919653,
    "median": 0.5594140384346247,
    "min": 0.5367030389606953
  },
  "world_size": 2
}