{
  "correctness": {
    "max_abs_diff": 0.0008401870727539062
  },
  "device": "npu:1",
  "hcom_name": "group_name_0",
  "rank": 1,
  "status": "ok",
  "timings_ms": {
    "max": 0.800254987552762,
    "median": 0.5503635620698333,
    "min": 0.522462883964181
  },
  "world_size": 2
}