{
  "correctness": {
    "max_abs_diff": 0.0007658004760742188
  },
  "device": "npu:0",
  "hcom_name": "group_name_0",
  "rank": 0,
  "status": "ok",
  "timings_ms": {
    "max": 0.6158838514238596,
    "median": 0.5681435577571392,
    "min": 0.5092630162835121
  },
  "world_size": 2
}