{
  "correctness": {
    "max_abs_diff": 0.0008401870727539062
  },
  "device": "npu:1",
  "hcom_name": "group_name_0",
  "rank": 1,
  "status": "ok",
  "timings_ms": {
    "max": 0.7019939366728067,
    "median": 0.5942890420556068,
    "min": 0.5399938672780991
  },
  "world_size": 2
}