{
  "correctness": {
    "max_abs_diff": 0.0007658004760742188
  },
  "device": "npu:0",
  "hcom_name": "group_name_0",
  "rank": 0,
  "status": "ok",
  "timings_ms": {
    "max": 0.6760740652680397,
    "median": 0.5807039560750127,
    "min": 0.5231429822742939
  },
  "world_size": 2
}