{
  "correctness": {
    "max_abs_diff": 0.0008401870727539062
  },
  "device": "npu:1",
  "rank": 1,
  "reference_contract": "host_orchestrated_all_reduce_then_chunk",
  "status": "ok",
  "timings_ms": {
    "max": 1.396107953041792,
    "median": 0.8007694268599153,
    "min": 0.704724108800292
  },
  "world_size": 2
}