{
  "correctness": {
    "max_abs_diff": 0.0007658004760742188
  },
  "device": "npu:0",
  "rank": 0,
  "reference_contract": "host_orchestrated_all_reduce_then_chunk",
  "status": "ok",
  "timings_ms": {
    "max": 1.1336470488458872,
    "median": 0.8223794866353273,
    "min": 0.7060840725898743
  },
  "world_size": 2
}