{
  "correctness": {
    "gather_max_abs_diff": 0.0,
    "max_abs_diff": 0.000244140625,
    "output_max_abs_diff": 0.000244140625
  },
  "device": "npu:0",
  "rank": 0,
  "status": "ok",
  "timings_ms": {
    "max": 3.586621955037117,
    "median": 0.9756759973242879,
    "min": 0.94373500905931
  },
  "world_size": 2
}