{
  "correctness": {
    "max_abs_diff": 0.0007658004760742188
  },
  "device": "npu:0",
  "rank": 0,
  "reference_contract": "host_orchestrated_all_reduce_then_chunk",
  "status": "ok",
  "timings_ms": {
    "max": 1.6384301707148552,
    "median": 0.7029690314084291,
    "min": 0.667183892801404
  },
  "world_size": 2
}