{
  "correctness": {
    "max_abs_diff": 0.0008401870727539062
  },
  "device": "npu:1",
  "rank": 1,
  "reference_contract": "host_orchestrated_all_reduce_then_chunk",
  "status": "ok",
  "timings_ms": {
    "max": 3.3305499237030745,
    "median": 0.7006939267739654,
    "min": 0.6659640930593014
  },
  "world_size": 2
}