{
  "correctness": {
    "max_abs_diff": 0.0009765625
  },
  "device": "npu:0",
  "hcom_name": "group_name_0",
  "rank": 0,
  "status": "ok",
  "timings_ms": {
    "max": 0.6495439447462559,
    "median": 0.5737134488299489,
    "min": 0.5021030083298683
  },
  "world_size": 2
}