{
  "correctness": {
    "max_abs_diff": 0.0007658004760742188
  },
  "device": "npu:0",
  "hcom_name": "group_name_0",
  "rank": 0,
  "status": "ok",
  "timings_ms": {
    "max": 0.5956529639661312,
    "median": 0.5611529340967536,
    "min": 0.5354431923478842
  },
  "world_size": 2
}