{
  "correctness": {
    "max_abs_diff": 0.0008401870727539062
  },
  "device": "npu:1",
  "hcom_name": "group_name_0",
  "rank": 1,
  "status": "ok",
  "timings_ms": {
    "max": 0.6414339877665043,
    "median": 0.5760689964517951,
    "min": 0.530553050339222
  },
  "world_size": 2
}