{
  "correctness": {
    "max_abs_diff": 0.0008401870727539062
  },
  "device": "npu:1",
  "hcom_name": "group_name_0",
  "rank": 1,
  "status": "ok",
  "timings_ms": {
    "max": 0.778895104303956,
    "median": 0.5306279053911567,
    "min": 0.5072229541838169
  },
  "world_size": 2
}