{
  "correctness": {
    "max_abs_diff": 0.00048828125
  },
  "device": "npu:1",
  "rank": 1,
  "status": "ok",
  "timings_ms": {
    "max": 0.7833340205252171,
    "median": 0.7371695246547461,
    "min": 0.7078240159898996
  },
  "world_size": 2
}