{
  "correctness": {
    "max_abs_diff": 0.0007658004760742188
  },
  "device": "npu:0",
  "rank": 0,
  "reference_contract": "host_orchestrated_all_reduce_then_chunk",
  "status": "ok",
  "timings_ms": {
    "max": 2.015621168538928,
    "median": 0.7447089301422238,
    "min": 0.7096549961715937
  },
  "world_size": 2
}