{
  "correctness": {
    "max_abs_diff": 0.001953125,
    "norm_max_abs_diff": 0.001953125,
    "y_max_abs_diff": 0.0009765625
  },
  "device": "npu:1",
  "rank": 1,
  "status": "ok",
  "timings_ms": {
    "max": 5.6815738789737225,
    "median": 0.914660980924964,
    "min": 0.8557250257581472
  },
  "world_size": 2
}