{
  "correctness": {
    "max_abs_diff": 0.0007658004760742188
  },
  "device": "npu:0",
  "rank": 0,
  "reference_contract": "host_orchestrated_all_reduce_then_chunk",
  "status": "ok",
  "timings_ms": {
    "max": 4.300035070627928,
    "median": 0.6986090447753668,
    "min": 0.6775341462343931
  },
  "world_size": 2
}