{
  "correctness": {
    "max_abs_diff": 0.0008401870727539062
  },
  "device": "npu:1",
  "rank": 1,
  "reference_contract": "host_orchestrated_all_reduce_then_chunk",
  "status": "ok",
  "timings_ms": {
    "max": 4.331515869125724,
    "median": 0.6987139349803329,
    "min": 0.6725441198796034
  },
  "world_size": 2
}