{
  "correctness": {
    "max_abs_diff": 0.0006699562072753906
  },
  "device": "npu:0",
  "hcom_name": "group_name_0",
  "rank": 0,
  "status": "ok",
  "timings_ms": {
    "max": 1.235657837241888,
    "median": 0.6222935626283288,
    "min": 0.5391831509768963
  },
  "world_size": 2
}