{
  "correctness": {
    "max_abs_diff": 0.0005393028259277344
  },
  "device": "npu:1",
  "hcom_name": "group_name_0",
  "rank": 1,
  "status": "ok",
  "timings_ms": {
    "max": 1.1237070430070162,
    "median": 0.6474634865298867,
    "min": 0.5271839909255505
  },
  "world_size": 2
}