{
  "correctness": {
    "max_abs_diff": 0.0006699562072753906
  },
  "device": "npu:0",
  "rank": 0,
  "reference_contract": "host_orchestrated_all_reduce_then_chunk",
  "status": "ok",
  "timings_ms": {
    "max": 1.7910299357026815,
    "median": 0.8084499277174473,
    "min": 0.7433239370584488
  },
  "world_size": 2
}