{
  "correctness": {
    "max_abs_diff": 0.0005393028259277344
  },
  "device": "npu:1",
  "rank": 1,
  "reference_contract": "host_orchestrated_all_reduce_then_chunk",
  "status": "ok",
  "timings_ms": {
    "max": 0.928554916754365,
    "median": 0.7989295991137624,
    "min": 0.7647250313311815
  },
  "world_size": 2
}