{
  "correctness": {
    "max_abs_diff": 0.0007658004760742188
  },
  "device": "npu:0",
  "hcom_name": "group_name_0",
  "rank": 0,
  "status": "ok",
  "timings_ms": {
    "max": 0.814375001937151,
    "median": 0.544714042916894,
    "min": 0.5258540622889996
  },
  "world_size": 2
}