{
  "correctness": {
    "gather_max_abs_diff": 0.0,
    "max_abs_diff": 0.000244140625,
    "output_max_abs_diff": 0.000244140625
  },
  "device": "npu:1",
  "rank": 1,
  "status": "ok",
  "timings_ms": {
    "max": 1.483218977227807,
    "median": 0.9999909671023488,
    "min": 0.9730849415063858
  },
  "world_size": 2
}