{
  "correctness": {
    "max_abs_diff": 0.0005393028259277344
  },
  "device": "npu:1",
  "hcom_name": "group_name_0",
  "rank": 1,
  "status": "ok",
  "timings_ms": {
    "max": 0.5870829336345196,
    "median": 0.5307384999468923,
    "min": 0.5076329689472914
  },
  "world_size": 2
}