{
  "correctness": {
    "max_abs_diff": 0.0006699562072753906
  },
  "device": "npu:0",
  "hcom_name": "group_name_0",
  "rank": 0,
  "status": "ok",
  "timings_ms": {
    "max": 0.6524038035422564,
    "median": 0.53443294018507,
    "min": 0.5097528919577599
  },
  "world_size": 2
}