{
  "correctness": {
    "atol": 0.001,
    "max_abs_diff": 0.00048828125,
    "passes": true,
    "rtol": 0.001
  },
  "entrypoint": "torch_npu.npu_grouped_matmul",
  "reference_contract": "bf16_rounded_matmul",
  "shape_summaries": [
    {
      "output": [
        1,
        128,
        128
      ],
      "weight": [
        128,
        128
      ],
      "weight_v5": [
        1,
        128,
        128
      ],
      "x": [
        128,
        128
      ]
    },
    {
      "output": [
        1,
        64,
        128
      ],
      "weight": [
        64,
        128
      ],
      "weight_v5": [
        1,
        64,
        128
      ],
      "x": [
        64,
        64
      ]
    },
    {
      "output": [
        1,
        128,
        256
      ],
      "weight": [
        128,
        256
      ],
      "weight_v5": [
        1,
        128,
        256
      ],
      "x": [
        128,
        128
      ]
    }
  ],
  "status": "ok",
  "timings_ms": {
    "max": 2.2673229686915874,
    "median": 0.1250660279765725,
    "min": 0.11019990779459476
  },
  "variant_reports": [
    {
      "correctness": {
        "max_abs_diff": 0.00048828125
      },
      "output_type": "<class 'list'>",
      "shape_summary": {
        "output": [
          1,
          128,
          128
        ],
        "weight": [
          128,
          128
        ],
        "weight_v5": [
          1,
          128,
          128
        ],
        "x": [
          128,
          128
        ]
      },
      "timings_ms": {
        "max": 2.2673229686915874,
        "median": 0.1250660279765725,
        "min": 0.1195310615003109
      },
      "variant": {
        "baseline_weight_layout": "single_3d_weight_for_v5",
        "batch": 1,
        "input_dtype": "bfloat16",
        "k": 128,
        "m": 128,
        "n": 128,
        "output_dtype": "bfloat16",
        "seed": 0
      }
    },
    {
      "correctness": {
        "max_abs_diff": 9.5367431640625e-07
      },
      "output_type": "<class 'list'>",
      "shape_summary": {
        "output": [
          1,
          64,
          128
        ],
        "weight": [
          64,
          128
        ],
        "weight_v5": [
          1,
          64,
          128
        ],
        "x": [
          64,
          64
        ]
      },
      "timings_ms": {
        "max": 0.7666849996894598,
        "median": 0.1147654838860035,
        "min": 0.11019990779459476
      },
      "variant": {
        "baseline_weight_layout": "single_3d_weight_for_v5",
        "batch": 1,
        "input_dtype": "bfloat16",
        "k": 64,
        "m": 64,
        "n": 128,
        "output_dtype": "bfloat16",
        "seed": 1
      }
    },
    {
      "correctness": {
        "max_abs_diff": 0.0
      },
      "output_type": "<class 'list'>",
      "shape_summary": {
        "output": [
          1,
          128,
          256
        ],
        "weight": [
          128,
          256
        ],
        "weight_v5": [
          1,
          128,
          256
        ],
        "x": [
          128,
          128
        ]
      },
      "timings_ms": {
        "max": 0.13517984189093113,
        "median": 0.11600099969655275,
        "min": 0.11169002391397953
      },
      "variant": {
        "baseline_weight_layout": "single_3d_weight_for_v5",
        "batch": 1,
        "input_dtype": "bfloat16",
        "k": 128,
        "m": 128,
        "n": 256,
        "output_dtype": "bfloat16",
        "seed": 2
      }
    }
  ],
  "variants": [
    {
      "baseline_weight_layout": "single_3d_weight_for_v5",
      "batch": 1,
      "input_dtype": "bfloat16",
      "k": 128,
      "m": 128,
      "n": 128,
      "output_dtype": "bfloat16",
      "seed": 0
    },
    {
      "baseline_weight_layout": "single_3d_weight_for_v5",
      "batch": 1,
      "input_dtype": "bfloat16",
      "k": 64,
      "m": 64,
      "n": 128,
      "output_dtype": "bfloat16",
      "seed": 1
    },
    {
      "baseline_weight_layout": "single_3d_weight_for_v5",
      "batch": 1,
      "input_dtype": "bfloat16",
      "k": 128,
      "m": 128,
      "n": 256,
      "output_dtype": "bfloat16",
      "seed": 2
    }
  ]
}