{
  "correctness": {
    "max_abs_diff": 0.00390625,
    "norm_max_abs_diff": 0.00390625,
    "residual_y_max_abs_diff": 0.0009765625
  },
  "device": "npu:0",
  "rank": 0,
  "status": "ok",
  "timings_ms": {
    "max": 4.26115607842803,
    "median": 1.1375619797036052,
    "min": 1.0669860057532787
  },
  "world_size": 2
}