{
  "correctness": {
    "max_abs_diff": 0.0008401870727539062
  },
  "device": "npu:1",
  "hcom_name": "group_name_0",
  "rank": 1,
  "status": "ok",
  "timings_ms": {
    "max": 0.6570541299879551,
    "median": 0.5377839552238584,
    "min": 0.5033130291849375
  },
  "world_size": 2
}