{
  "correctness": {
    "max_abs_diff": 0.0008401870727539062
  },
  "device": "npu:1",
  "hcom_name": "group_name_0",
  "rank": 1,
  "status": "ok",
  "timings_ms": {
    "max": 0.587122980505228,
    "median": 0.544592970982194,
    "min": 0.5125328898429871
  },
  "world_size": 2
}