{
  "correctness": {
    "max_abs_diff": 0.0007658004760742188
  },
  "device": "npu:0",
  "hcom_name": "group_name_0",
  "rank": 0,
  "status": "ok",
  "timings_ms": {
    "max": 0.5794130265712738,
    "median": 0.5343130324035883,
    "min": 0.5090727936476469
  },
  "world_size": 2
}