{
  "correctness": {
    "max_abs_diff": 0.0006699562072753906
  },
  "device": "npu:0",
  "rank": 0,
  "reference_contract": "host_orchestrated_all_reduce_then_chunk",
  "status": "ok",
  "timings_ms": {
    "max": 3.3935410901904106,
    "median": 0.693009584210813,
    "min": 0.6617428734898567
  },
  "world_size": 2
}