{
  "correctness": {
    "max_abs_diff": 0.0005393028259277344
  },
  "device": "npu:1",
  "rank": 1,
  "reference_contract": "host_orchestrated_all_reduce_then_chunk",
  "status": "ok",
  "timings_ms": {
    "max": 3.427110845223069,
    "median": 0.6954141426831484,
    "min": 0.6622129585593939
  },
  "world_size": 2
}