{
  "correctness": {
    "max_abs_diff": 0.0007658004760742188
  },
  "device": "npu:0",
  "rank": 0,
  "reference_contract": "host_orchestrated_all_reduce_then_chunk",
  "status": "ok",
  "timings_ms": {
    "max": 0.9556950535625219,
    "median": 0.7366338977590203,
    "min": 0.7016242016106844
  },
  "world_size": 2
}