{
  "correctness": {
    "max_abs_diff": 0.0008401870727539062
  },
  "device": "npu:1",
  "hcom_name": "group_name_0",
  "rank": 1,
  "status": "ok",
  "timings_ms": {
    "max": 0.5977929104119539,
    "median": 0.5391485756263137,
    "min": 0.5011330358684063
  },
  "world_size": 2
}