{
  "correctness": {
    "max_abs_diff": 0.0004729032516479492
  },
  "device": "npu:0",
  "rank": 0,
  "reference_contract": "host_orchestrated_all_reduce_then_chunk",
  "status": "ok",
  "timings_ms": {
    "max": 1.2610680423676968,
    "median": 0.7796299178153276,
    "min": 0.7458338513970375
  },
  "world_size": 2
}