{
  "correctness": {
    "max_abs_diff": 0.0005229711532592773
  },
  "device": "npu:1",
  "rank": 1,
  "reference_contract": "host_orchestrated_all_reduce_then_chunk",
  "status": "ok",
  "timings_ms": {
    "max": 1.164336921647191,
    "median": 0.7706544129177928,
    "min": 0.7482639048248529
  },
  "world_size": 2
}