{
  "correctness": {
    "max_abs_diff": 0.0008401870727539062
  },
  "device": "npu:1",
  "hcom_name": "group_name_0",
  "rank": 1,
  "status": "ok",
  "timings_ms": {
    "max": 0.6307929288595915,
    "median": 0.5316734313964844,
    "min": 0.5058629903942347
  },
  "world_size": 2
}