{
  "correctness": {
    "max_abs_diff": 0.0007658004760742188
  },
  "device": "npu:0",
  "hcom_name": "group_name_0",
  "rank": 0,
  "status": "ok",
  "timings_ms": {
    "max": 0.5928429309278727,
    "median": 0.5270330002531409,
    "min": 0.5079230759292841
  },
  "world_size": 2
}