{
  "correctness": {
    "max_abs_diff": 0.00048828125
  },
  "device": "npu:0",
  "rank": 0,
  "status": "ok",
  "timings_ms": {
    "max": 3.606222104281187,
    "median": 0.695478986017406,
    "min": 0.6702339742332697
  },
  "world_size": 2
}