{
  "correctness": {
    "max_abs_diff": 0.0006699562072753906
  },
  "device": "npu:0",
  "rank": 0,
  "reference_contract": "host_orchestrated_all_reduce_then_chunk",
  "status": "ok",
  "timings_ms": {
    "max": 0.9380960837006569,
    "median": 0.7130639860406518,
    "min": 0.6921540480107069
  },
  "world_size": 2
}