{
  "correctness": {
    "max_abs_diff": 0.0005393028259277344
  },
  "device": "npu:1",
  "rank": 1,
  "reference_contract": "host_orchestrated_all_reduce_then_chunk",
  "status": "ok",
  "timings_ms": {
    "max": 0.9774360805749893,
    "median": 0.7175740320235491,
    "min": 0.6957340519875288
  },
  "world_size": 2
}