{
  "correctness": {
    "max_abs_diff": 0.0008401870727539062
  },
  "device": "npu:1",
  "rank": 1,
  "reference_contract": "host_orchestrated_all_reduce_then_chunk",
  "status": "ok",
  "timings_ms": {
    "max": 4.412336042150855,
    "median": 0.7290390785783529,
    "min": 0.6988039240241051
  },
  "world_size": 2
}