{
  "correctness": {
    "max_abs_diff": 0.0007658004760742188
  },
  "device": "npu:0",
  "rank": 0,
  "reference_contract": "host_orchestrated_all_reduce_then_chunk",
  "status": "ok",
  "timings_ms": {
    "max": 4.432616056874394,
    "median": 0.7296140538528562,
    "min": 0.7049350533634424
  },
  "world_size": 2
}