{
  "correctness": {
    "max_abs_diff": 0.0008401870727539062
  },
  "device": "npu:1",
  "rank": 1,
  "reference_contract": "host_orchestrated_all_reduce_then_chunk",
  "status": "ok",
  "timings_ms": {
    "max": 3.7084021605551243,
    "median": 0.7162740221247077,
    "min": 0.6829539779573679
  },
  "world_size": 2
}