{
  "correctness": {
    "max_abs_diff": 0.0007658004760742188
  },
  "device": "npu:0",
  "rank": 0,
  "reference_contract": "host_orchestrated_all_reduce_then_chunk",
  "status": "ok",
  "timings_ms": {
    "max": 3.6647419910877943,
    "median": 0.7148090517148376,
    "min": 0.6752340123057365
  },
  "world_size": 2
}