{
  "correctness": {
    "max_abs_diff": 0.0009765625
  },
  "device": "npu:1",
  "hcom_name": "group_name_0",
  "rank": 1,
  "status": "ok",
  "timings_ms": {
    "max": 0.9001949802041054,
    "median": 0.5761384963989258,
    "min": 0.5236631259322166
  },
  "world_size": 2
}