{
  "correctness": {
    "max_abs_diff": 0.00390625,
    "norm_max_abs_diff": 0.00390625,
    "y_max_abs_diff": 0.0009765625
  },
  "device": "npu:1",
  "hcom_name": "group_name_0",
  "rank": 1,
  "status": "ok",
  "timings_ms": {
    "max": 0.8190451189875603,
    "median": 0.5899980897083879,
    "min": 0.5630941595882177
  },
  "world_size": 2
}