{
  "correctness": {
    "max_abs_diff": 0.001953125,
    "norm_max_abs_diff": 0.001953125,
    "y_max_abs_diff": 0.0009765625
  },
  "device": "npu:1",
  "rank": 1,
  "status": "ok",
  "timings_ms": {
    "max": 1.036505913361907,
    "median": 0.960800563916564,
    "min": 0.9213150478899479
  },
  "world_size": 2
}