{
  "correctness": {
    "max_abs_diff": 0.00390625,
    "norm_max_abs_diff": 0.00390625,
    "y_max_abs_diff": 0.0009765625
  },
  "device": "npu:0",
  "rank": 0,
  "status": "ok",
  "timings_ms": {
    "max": 2.6533559430390596,
    "median": 0.9336149087175727,
    "min": 0.8980650454759598
  },
  "world_size": 2
}