{
  "correctness": {
    "max_abs_diff": 0.001953125,
    "norm_max_abs_diff": 0.001953125,
    "y_max_abs_diff": 0.0009765625
  },
  "device": "npu:1",
  "rank": 1,
  "status": "ok",
  "timings_ms": {
    "max": 2.6412259321659803,
    "median": 0.9333299240097404,
    "min": 0.8899660315364599
  },
  "world_size": 2
}