{
  "correctness": {
    "max_abs_diff": 0.0009765625
  },
  "device": "npu:0",
  "rank": 0,
  "status": "ok",
  "timings_ms": {
    "max": 0.9303060360252857,
    "median": 0.7579445373266935,
    "min": 0.7256451062858105
  },
  "world_size": 2
}