{
  "correctness": {
    "max_abs_diff": 0.00390625,
    "norm_max_abs_diff": 0.00390625,
    "y_max_abs_diff": 0.0009765625
  },
  "device": "npu:0",
  "hcom_name": "group_name_0",
  "rank": 0,
  "status": "ok",
  "timings_ms": {
    "max": 1.0966460686177015,
    "median": 0.5885940045118332,
    "min": 0.5355831235647202
  },
  "world_size": 2
}