{
  "correctness": {
    "max_abs_diff": 0.0005393028259277344
  },
  "device": "npu:1",
  "hcom_name": "group_name_0",
  "rank": 1,
  "status": "ok",
  "timings_ms": {
    "max": 0.6364730652421713,
    "median": 0.554108526557684,
    "min": 0.5266931839287281
  },
  "world_size": 2
}