{
  "correctness": {
    "max_abs_diff": 0.0006699562072753906
  },
  "device": "npu:0",
  "hcom_name": "group_name_0",
  "rank": 0,
  "status": "ok",
  "timings_ms": {
    "max": 0.7781849708408117,
    "median": 0.5567035404965281,
    "min": 0.5135331302881241
  },
  "world_size": 2
}