{
  "correctness": {
    "max_abs_diff": 0.0007658004760742188
  },
  "device": "npu:0",
  "hcom_name": "group_name_0",
  "rank": 0,
  "status": "ok",
  "timings_ms": {
    "max": 0.6849849596619606,
    "median": 0.5995885003358126,
    "min": 0.5425028502941132
  },
  "world_size": 2
}