{
  "correctness": {
    "max_abs_diff": 0.0008401870727539062
  },
  "device": "npu:1",
  "hcom_name": "group_name_0",
  "rank": 1,
  "status": "ok",
  "timings_ms": {
    "max": 0.8224449120461941,
    "median": 0.5907979793846607,
    "min": 0.5308829713612795
  },
  "world_size": 2
}