{
  "correctness": {
    "max_abs_diff": 0.0005393028259277344
  },
  "device": "npu:1",
  "rank": 1,
  "reference_contract": "host_orchestrated_all_reduce_then_chunk",
  "status": "ok",
  "timings_ms": {
    "max": 0.9995661675930023,
    "median": 0.7682543946430087,
    "min": 0.7130641024559736
  },
  "world_size": 2
}