{
  "correctness": {
    "max_abs_diff": 0.0007658004760742188
  },
  "device": "npu:0",
  "hcom_name": "group_name_0",
  "rank": 0,
  "status": "ok",
  "timings_ms": {
    "max": 0.606154091656208,
    "median": 0.5697985179722309,
    "min": 0.5426530260592699
  },
  "world_size": 2
}