{
  "correctness": {
    "max_abs_diff": 0.0007658004760742188
  },
  "device": "npu:0",
  "rank": 0,
  "reference_contract": "host_orchestrated_all_reduce_then_chunk",
  "status": "ok",
  "timings_ms": {
    "max": 0.9426160249859095,
    "median": 0.6992245325818658,
    "min": 0.6640439387410879
  },
  "world_size": 2
}