{
  "correctness": {
    "max_abs_diff": 0.0008401870727539062
  },
  "device": "npu:1",
  "rank": 1,
  "reference_contract": "host_orchestrated_all_reduce_then_chunk",
  "status": "ok",
  "timings_ms": {
    "max": 0.9261860977858305,
    "median": 0.7010899716988206,
    "min": 0.6665938999503851
  },
  "world_size": 2
}