{
  "correctness": {
    "max_abs_diff": 0.009765625,
    "norm_max_abs_diff": 0.009765625,
    "residual_y_max_abs_diff": 0.0009765625
  },
  "device": "npu:0",
  "rank": 0,
  "status": "ok",
  "timings_ms": {
    "max": 1.0573659092187881,
    "median": 0.9643459925428033,
    "min": 0.9216850157827139
  },
  "world_size": 2
}