{
  "correctness": {
    "max_abs_diff": 0.0007658004760742188
  },
  "device": "npu:0",
  "rank": 0,
  "reference_contract": "host_orchestrated_all_reduce_then_chunk",
  "status": "ok",
  "timings_ms": {
    "max": 3.0657078605145216,
    "median": 0.7321039447560906,
    "min": 0.6973438430577517
  },
  "world_size": 2
}