{
  "correctness": {
    "max_abs_diff": 0.0008401870727539062
  },
  "device": "npu:1",
  "rank": 1,
  "reference_contract": "host_orchestrated_all_reduce_then_chunk",
  "status": "ok",
  "timings_ms": {
    "max": 3.1520389020442963,
    "median": 0.7381991017609835,
    "min": 0.6982439663261175
  },
  "world_size": 2
}