{
  "correctness": {
    "max_abs_diff": 0.0009765625
  },
  "device": "npu:1",
  "rank": 1,
  "status": "ok",
  "timings_ms": {
    "max": 4.4906469993293285,
    "median": 0.7054944289848208,
    "min": 0.6792140193283558
  },
  "world_size": 2
}