{
  "correctness": {
    "max_abs_diff": 0.00048828125
  },
  "device": "npu:0",
  "rank": 0,
  "status": "ok",
  "timings_ms": {
    "max": 0.6811239290982485,
    "median": 0.6198635092005134,
    "min": 0.5969330668449402
  },
  "world_size": 2
}