{
  "correctness": {
    "max_abs_diff": 0.00048828125
  },
  "device": "npu:0",
  "rank": 0,
  "status": "ok",
  "timings_ms": {
    "max": 0.8850551676005125,
    "median": 0.713284476660192,
    "min": 0.6170931737869978
  },
  "world_size": 2
}