{
  "correctness": {
    "max_abs_diff": 0.00048828125
  },
  "device": "npu:1",
  "rank": 1,
  "status": "ok",
  "timings_ms": {
    "max": 3.0564479529857635,
    "median": 0.7192851044237614,
    "min": 0.6117341108620167
  },
  "world_size": 2
}