{
  "correctness": {
    "atol": 0.001,
    "max_abs_diff": 0.0008401870727539062,
    "passes": true,
    "rtol": 0.001
  },
  "entrypoint": "torch_npu.npu_mm_reduce_scatter_base",
  "reference_contract": "reduce_scatter(sum_i(x1_i @ x2_i))",
  "shape_summaries": [
    {
      "local_mm": [
        128,
        128
      ],
      "reduce_scatter_output_per_rank": [
        64,
        128
      ],
      "world_size": 2,
      "x1": [
        128,
        256
      ],
      "x2": [
        256,
        128
      ]
    },
    {
      "local_mm": [
        64,
        128
      ],
      "reduce_scatter_output_per_rank": [
        32,
        128
      ],
      "world_size": 2,
      "x1": [
        64,
        256
      ],
      "x2": [
        256,
        128
      ]
    }
  ],
  "status": "ok",
  "timings_ms": {
    "max": 0.7418540772050619,
    "median": 0.5414480110630393,
    "min": 0.5033130291849375
  },
  "variant_reports": [
    {
      "correctness": {
        "max_abs_diff": 0.0008401870727539062,
        "per_rank_max_abs_diff": [
          0.0007658004760742188,
          0.0008401870727539062
        ]
      },
      "entrypoint": "torch_npu.npu_mm_reduce_scatter_base",
      "rank_reports": [
        {
          "correctness": {
            "max_abs_diff": 0.0007658004760742188
          },
          "device": "npu:0",
          "hcom_name": "group_name_0",
          "rank": 0,
          "status": "ok",
          "timings_ms": {
            "max": 0.7272439543157816,
            "median": 0.5414480110630393,
            "min": 0.5132830701768398
          },
          "world_size": 2
        },
        {
          "correctness": {
            "max_abs_diff": 0.0008401870727539062
          },
          "device": "npu:1",
          "hcom_name": "group_name_0",
          "rank": 1,
          "status": "ok",
          "timings_ms": {
            "max": 0.6570541299879551,
            "median": 0.5377839552238584,
            "min": 0.5033130291849375
          },
          "world_size": 2
        }
      ],
      "reference_contract": "reduce_scatter(sum_i(x1_i @ x2_i))",
      "shape_summary": {
        "local_mm": [
          128,
          128
        ],
        "reduce_scatter_output_per_rank": [
          64,
          128
        ],
        "world_size": 2,
        "x1": [
          128,
          256
        ],
        "x2": [
          256,
          128
        ]
      },
      "status": "ok",
      "timings_ms": {
        "max": 0.7272439543157816,
        "median": 0.5414480110630393,
        "min": 0.5033130291849375,
        "per_rank_median": [
          0.5414480110630393,
          0.5377839552238584
        ]
      },
      "variant": {
        "bias": false,
        "comm_turn": 0,
        "dtype": "float16",
        "expected_world_size": 2,
        "input_scale": 0.125,
        "k": 256,
        "m": 128,
        "n": 128,
        "reduce_op": "sum",
        "seed": 0,
        "stream_mode": 1
      },
      "world_size": 2
    },
    {
      "correctness": {
        "max_abs_diff": 0.0006699562072753906,
        "per_rank_max_abs_diff": [
          0.0006699562072753906,
          0.0005393028259277344
        ]
      },
      "entrypoint": "torch_npu.npu_mm_reduce_scatter_base",
      "rank_reports": [
        {
          "correctness": {
            "max_abs_diff": 0.0006699562072753906
          },
          "device": "npu:0",
          "hcom_name": "group_name_0",
          "rank": 0,
          "status": "ok",
          "timings_ms": {
            "max": 0.7418540772050619,
            "median": 0.5247530061751604,
            "min": 0.5059328395873308
          },
          "world_size": 2
        },
        {
          "correctness": {
            "max_abs_diff": 0.0005393028259277344
          },
          "device": "npu:1",
          "hcom_name": "group_name_0",
          "rank": 1,
          "status": "ok",
          "timings_ms": {
            "max": 0.6114139687269926,
            "median": 0.5341930082067847,
            "min": 0.5082031711935997
          },
          "world_size": 2
        }
      ],
      "reference_contract": "reduce_scatter(sum_i(x1_i @ x2_i))",
      "shape_summary": {
        "local_mm": [
          64,
          128
        ],
        "reduce_scatter_output_per_rank": [
          32,
          128
        ],
        "world_size": 2,
        "x1": [
          64,
          256
        ],
        "x2": [
          256,
          128
        ]
      },
      "status": "ok",
      "timings_ms": {
        "max": 0.7418540772050619,
        "median": 0.5341930082067847,
        "min": 0.5059328395873308,
        "per_rank_median": [
          0.5247530061751604,
          0.5341930082067847
        ]
      },
      "variant": {
        "bias": false,
        "comm_turn": 0,
        "dtype": "float16",
        "expected_world_size": 2,
        "input_scale": 0.125,
        "k": 256,
        "m": 64,
        "n": 128,
        "reduce_op": "sum",
        "seed": 1,
        "stream_mode": 1
      },
      "world_size": 2
    }
  ],
  "variants": [
    {
      "bias": false,
      "comm_turn": 0,
      "dtype": "float16",
      "expected_world_size": 2,
      "input_scale": 0.125,
      "k": 256,
      "m": 128,
      "n": 128,
      "reduce_op": "sum",
      "seed": 0,
      "stream_mode": 1
    },
    {
      "bias": false,
      "comm_turn": 0,
      "dtype": "float16",
      "expected_world_size": 2,
      "input_scale": 0.125,
      "k": 256,
      "m": 64,
      "n": 128,
      "reduce_op": "sum",
      "seed": 1,
      "stream_mode": 1
    }
  ]
}