{
  "correctness": {
    "max_abs_diff": 0.009765625,
    "norm_max_abs_diff": 0.009765625,
    "y_max_abs_diff": 0.0009765625
  },
  "device": "npu:1",
  "rank": 1,
  "status": "ok",
  "timings_ms": {
    "max": 1.1207167990505695,
    "median": 0.8656405843794346,
    "min": 0.8443850092589855
  },
  "world_size": 2
}