{
  "correctness": {
    "max_abs_diff": 0.0008401870727539062
  },
  "device": "npu:1",
  "rank": 1,
  "reference_contract": "host_orchestrated_all_reduce_then_chunk",
  "status": "ok",
  "timings_ms": {
    "max": 0.8284549694508314,
    "median": 0.7477839244529605,
    "min": 0.7120040245354176
  },
  "world_size": 2
}