{
  "correctness": {
    "max_abs_diff": 0.0008401870727539062
  },
  "device": "npu:1",
  "rank": 1,
  "reference_contract": "host_orchestrated_all_reduce_then_chunk",
  "status": "ok",
  "timings_ms": {
    "max": 4.26245597191155,
    "median": 0.7681194692850113,
    "min": 0.7159039378166199
  },
  "world_size": 2
}