{
  "correctness": {
    "max_abs_diff": 0.0007658004760742188
  },
  "device": "npu:0",
  "rank": 0,
  "reference_contract": "host_orchestrated_all_reduce_then_chunk",
  "status": "ok",
  "timings_ms": {
    "max": 4.246094962581992,
    "median": 0.7689995691180229,
    "min": 0.7063539233058691
  },
  "world_size": 2
}