{
  "correctness": {
    "max_abs_diff": 0.0006699562072753906
  },
  "device": "npu:0",
  "hcom_name": "group_name_0",
  "rank": 0,
  "status": "ok",
  "timings_ms": {
    "max": 0.5616841372102499,
    "median": 0.516883097589016,
    "min": 0.48887310549616814
  },
  "world_size": 2
}