{
  "correctness": {
    "max_abs_diff": 0.0005393028259277344
  },
  "device": "npu:1",
  "hcom_name": "group_name_0",
  "rank": 1,
  "status": "ok",
  "timings_ms": {
    "max": 0.5456930957734585,
    "median": 0.5196778802201152,
    "min": 0.495953019708395
  },
  "world_size": 2
}