{
  "correctness": {
    "max_abs_diff": 0.00390625,
    "norm_max_abs_diff": 0.00390625,
    "y_max_abs_diff": 0.0009765625
  },
  "device": "npu:0",
  "hcom_name": "group_name_0",
  "rank": 0,
  "status": "ok",
  "timings_ms": {
    "max": 0.8791850414127111,
    "median": 0.6312590558081865,
    "min": 0.5972238723188639
  },
  "world_size": 2
}