{
  "correctness": {
    "max_abs_diff": 0.0007658004760742188
  },
  "device": "npu:0",
  "hcom_name": "group_name_0",
  "rank": 0,
  "status": "ok",
  "timings_ms": {
    "max": 0.8288950193673372,
    "median": 0.6007589399814606,
    "min": 0.5303428042680025
  },
  "world_size": 2
}