{
  "correctness": {
    "atol": 0.001,
    "max_abs_diff": 0.000244140625,
    "passes": true,
    "rtol": 0.001
  },
  "entrypoint": "torch_npu.npu_ffn",
  "reference_contract": "fp16_dense_relu_ffn_torch_ops",
  "shape_summaries": [
    {
      "hidden": [
        32,
        256
      ],
      "output": [
        32,
        128
      ],
      "weight1": [
        128,
        256
      ],
      "weight2": [
        256,
        128
      ],
      "x": [
        32,
        128
      ]
    },
    {
      "hidden": [
        64,
        256
      ],
      "output": [
        64,
        128
      ],
      "weight1": [
        128,
        256
      ],
      "weight2": [
        256,
        128
      ],
      "x": [
        64,
        128
      ]
    },
    {
      "hidden": [
        32,
        512
      ],
      "output": [
        32,
        128
      ],
      "weight1": [
        128,
        512
      ],
      "weight2": [
        512,
        128
      ],
      "x": [
        32,
        128
      ]
    }
  ],
  "status": "ok",
  "timings_ms": {
    "max": 0.11852080933749676,
    "median": 0.08912058547139168,
    "min": 0.08162995800375938
  },
  "variant_reports": [
    {
      "correctness": {
        "max_abs_diff": 0.000244140625
      },
      "shape_summary": {
        "hidden": [
          32,
          256
        ],
        "output": [
          32,
          128
        ],
        "weight1": [
          128,
          256
        ],
        "weight2": [
          256,
          128
        ],
        "x": [
          32,
          128
        ]
      },
      "timings_ms": {
        "max": 0.10625994764268398,
        "median": 0.0847760820761323,
        "min": 0.08162995800375938
      },
      "variant": {
        "activation": "relu",
        "bias": false,
        "dtype": "float16",
        "hidden_size": 128,
        "input_scale": 0.125,
        "intermediate_size": 256,
        "output_size": 128,
        "seed": 0,
        "tokens": 32
      }
    },
    {
      "correctness": {
        "max_abs_diff": 0.0001220703125
      },
      "shape_summary": {
        "hidden": [
          64,
          256
        ],
        "output": [
          64,
          128
        ],
        "weight1": [
          128,
          256
        ],
        "weight2": [
          256,
          128
        ],
        "x": [
          64,
          128
        ]
      },
      "timings_ms": {
        "max": 0.11118105612695217,
        "median": 0.08912058547139168,
        "min": 0.08384091779589653
      },
      "variant": {
        "activation": "relu",
        "bias": false,
        "dtype": "float16",
        "hidden_size": 128,
        "input_scale": 0.125,
        "intermediate_size": 256,
        "output_size": 128,
        "seed": 1,
        "tokens": 64
      }
    },
    {
      "correctness": {
        "max_abs_diff": 0.0
      },
      "shape_summary": {
        "hidden": [
          32,
          512
        ],
        "output": [
          32,
          128
        ],
        "weight1": [
          128,
          512
        ],
        "weight2": [
          512,
          128
        ],
        "x": [
          32,
          128
        ]
      },
      "timings_ms": {
        "max": 0.11852080933749676,
        "median": 0.0879904255270958,
        "min": 0.08423090912401676
      },
      "variant": {
        "activation": "relu",
        "bias": false,
        "dtype": "float16",
        "hidden_size": 128,
        "input_scale": 0.125,
        "intermediate_size": 512,
        "output_size": 128,
        "seed": 2,
        "tokens": 32
      }
    }
  ],
  "variants": [
    {
      "activation": "relu",
      "bias": false,
      "dtype": "float16",
      "hidden_size": 128,
      "input_scale": 0.125,
      "intermediate_size": 256,
      "output_size": 128,
      "seed": 0,
      "tokens": 32
    },
    {
      "activation": "relu",
      "bias": false,
      "dtype": "float16",
      "hidden_size": 128,
      "input_scale": 0.125,
      "intermediate_size": 256,
      "output_size": 128,
      "seed": 1,
      "tokens": 64
    },
    {
      "activation": "relu",
      "bias": false,
      "dtype": "float16",
      "hidden_size": 128,
      "input_scale": 0.125,
      "intermediate_size": 512,
      "output_size": 128,
      "seed": 2,
      "tokens": 32
    }
  ]
}