{
  "correctness": {
    "max_abs_diff": 0.0008401870727539062
  },
  "device": "npu:1",
  "rank": 1,
  "reference_contract": "host_orchestrated_all_reduce_then_chunk",
  "status": "ok",
  "timings_ms": {
    "max": 3.423010930418968,
    "median": 0.7310939254239202,
    "min": 0.6673140451312065
  },
  "world_size": 2
}