{
  "correctness": {
    "atol": 0.001,
    "max_abs_diff": 0.0008401870727539062,
    "passes": true,
    "per_rank_max_abs_diff": [
      0.0007658004760742188,
      0.0008401870727539062
    ],
    "rtol": 0.001
  },
  "entrypoint": "torch_npu.npu_mm_reduce_scatter_base",
  "rank_reports": [
    {
      "correctness": {
        "max_abs_diff": 0.0007658004760742188
      },
      "device": "npu:0",
      "hcom_name": "group_name_0",
      "rank": 0,
      "status": "ok",
      "timings_ms": {
        "max": 0.5928429309278727,
        "median": 0.5270330002531409,
        "min": 0.5079230759292841
      },
      "world_size": 2
    },
    {
      "correctness": {
        "max_abs_diff": 0.0008401870727539062
      },
      "device": "npu:1",
      "hcom_name": "group_name_0",
      "rank": 1,
      "status": "ok",
      "timings_ms": {
        "max": 0.6307929288595915,
        "median": 0.5316734313964844,
        "min": 0.5058629903942347
      },
      "world_size": 2
    }
  ],
  "reference_contract": "reduce_scatter(sum_i(x1_i @ x2_i))",
  "status": "ok",
  "timings_ms": {
    "max": 0.6307929288595915,
    "median": 0.5316734313964844,
    "min": 0.5058629903942347,
    "per_rank_median": [
      0.5270330002531409,
      0.5316734313964844
    ]
  },
  "variant": {
    "bias": false,
    "comm_turn": 0,
    "dtype": "float16",
    "expected_world_size": 2,
    "input_scale": 0.125,
    "k": 256,
    "m": 128,
    "n": 128,
    "reduce_op": "sum",
    "seed": 0,
    "stream_mode": 1
  },
  "world_size": 2
}