{
  "correctness": {
    "max_abs_diff": 0.0008401870727539062
  },
  "device": "npu:1",
  "rank": 1,
  "reference_contract": "host_orchestrated_all_reduce_then_chunk",
  "status": "ok",
  "timings_ms": {
    "max": 4.236145876348019,
    "median": 0.7267439505085349,
    "min": 0.6866438779979944
  },
  "world_size": 2
}