{
  "correctness": {
    "max_abs_diff": 0.0007658004760742188
  },
  "device": "npu:0",
  "rank": 0,
  "reference_contract": "host_orchestrated_all_reduce_then_chunk",
  "status": "ok",
  "timings_ms": {
    "max": 4.27191611379385,
    "median": 0.7244694279506803,
    "min": 0.6970250979065895
  },
  "world_size": 2
}