{
  "correctness": {
    "max_abs_diff": 0.0007658004760742188
  },
  "device": "npu:0",
  "rank": 0,
  "reference_contract": "host_orchestrated_all_reduce_then_chunk",
  "status": "ok",
  "timings_ms": {
    "max": 0.8220351301133633,
    "median": 0.7488395785912871,
    "min": 0.716513954102993
  },
  "world_size": 2
}