{
  "correctness": {
    "max_abs_diff": 0.009765625,
    "norm_max_abs_diff": 0.009765625,
    "residual_y_max_abs_diff": 0.0009765625
  },
  "device": "npu:1",
  "rank": 1,
  "status": "ok",
  "timings_ms": {
    "max": 4.46199718862772,
    "median": 1.0146560380235314,
    "min": 0.9696159977465868
  },
  "world_size": 2
}