{
  "correctness": {
    "max_abs_diff": 0.01171875,
    "norm_max_abs_diff": 0.01171875,
    "residual_y_max_abs_diff": 0.0009765625
  },
  "device": "npu:0",
  "rank": 0,
  "status": "ok",
  "timings_ms": {
    "max": 4.399416968226433,
    "median": 1.0202460689470172,
    "min": 0.9768260642886162
  },
  "world_size": 2
}