{
  "correctness": {
    "max_abs_diff": 0.00390625,
    "norm_max_abs_diff": 0.00390625,
    "y_max_abs_diff": 0.0009765625
  },
  "device": "npu:0",
  "rank": 0,
  "status": "ok",
  "timings_ms": {
    "max": 2.901457017287612,
    "median": 0.8636355632916093,
    "min": 0.8446350693702698
  },
  "world_size": 2
}