{
  "correctness": {
    "max_abs_diff": 0.0006699562072753906
  },
  "device": "npu:0",
  "hcom_name": "group_name_0",
  "rank": 0,
  "status": "ok",
  "timings_ms": {
    "max": 0.5621230229735374,
    "median": 0.5334030138328671,
    "min": 0.5027430597692728
  },
  "world_size": 2
}