{
  "correctness": {
    "max_abs_diff": 0.001953125,
    "norm_max_abs_diff": 0.001953125,
    "residual_y_max_abs_diff": 0.0009765625
  },
  "device": "npu:1",
  "rank": 1,
  "status": "ok",
  "timings_ms": {
    "max": 2.2416729480028152,
    "median": 1.0972514282912016,
    "min": 0.9513560216873884
  },
  "world_size": 2
}