{
  "correctness": {
    "max_abs_diff": 0.00390625,
    "norm_max_abs_diff": 0.00390625,
    "residual_y_max_abs_diff": 0.0009765625
  },
  "device": "npu:0",
  "rank": 0,
  "status": "ok",
  "timings_ms": {
    "max": 2.2535640746355057,
    "median": 1.0896414751186967,
    "min": 0.9972061961889267
  },
  "world_size": 2
}