{
  "correctness": {
    "max_abs_diff": 0.0007658004760742188
  },
  "device": "npu:0",
  "rank": 0,
  "reference_contract": "host_orchestrated_all_reduce_then_chunk",
  "status": "ok",
  "timings_ms": {
    "max": 0.8924349676817656,
    "median": 0.7052295841276646,
    "min": 0.6852240767329931
  },
  "world_size": 2
}