{
  "correctness": {
    "max_abs_diff": 0.0008401870727539062
  },
  "device": "npu:1",
  "rank": 1,
  "reference_contract": "host_orchestrated_all_reduce_then_chunk",
  "status": "ok",
  "timings_ms": {
    "max": 0.9416949469596148,
    "median": 0.7093445165082812,
    "min": 0.6822540890425444
  },
  "world_size": 2
}