{
  "correctness": {
    "max_abs_diff": 0.0006699562072753906
  },
  "device": "npu:0",
  "hcom_name": "group_name_0",
  "rank": 0,
  "status": "ok",
  "timings_ms": {
    "max": 0.8354140445590019,
    "median": 0.5755685269832611,
    "min": 0.5291528068482876
  },
  "world_size": 2
}