{
  "correctness": {
    "max_abs_diff": 0.0009765625
  },
  "device": "npu:1",
  "hcom_name": "group_name_0",
  "rank": 1,
  "status": "ok",
  "timings_ms": {
    "max": 0.7581349927932024,
    "median": 0.5381930386647582,
    "min": 0.49464311450719833
  },
  "world_size": 2
}