{
  "correctness": {
    "max_abs_diff": 0.0009765625
  },
  "device": "npu:0",
  "hcom_name": "group_name_0",
  "rank": 0,
  "status": "ok",
  "timings_ms": {
    "max": 0.6973638664931059,
    "median": 0.5734785227105021,
    "min": 0.5401340313255787
  },
  "world_size": 2
}