{
  "correctness": {
    "max_abs_diff": 0.0009765625
  },
  "device": "npu:1",
  "hcom_name": "group_name_0",
  "rank": 1,
  "status": "ok",
  "timings_ms": {
    "max": 0.7826448418200016,
    "median": 0.5738829495385289,
    "min": 0.5459829699248075
  },
  "world_size": 2
}