{
  "correctness": {
    "max_abs_diff": 0.0008401870727539062
  },
  "device": "npu:1",
  "hcom_name": "group_name_0",
  "rank": 1,
  "status": "ok",
  "timings_ms": {
    "max": 0.8098140824586153,
    "median": 0.5505284061655402,
    "min": 0.5033630877733231
  },
  "world_size": 2
}