{
  "correctness": {
    "max_abs_diff": 0.0007658004760742188
  },
  "device": "npu:0",
  "hcom_name": "group_name_0",
  "rank": 0,
  "status": "ok",
  "timings_ms": {
    "max": 0.7141039241105318,
    "median": 0.5435885395854712,
    "min": 0.5153829697519541
  },
  "world_size": 2
}