{
  "correctness": {
    "max_abs_diff": 0.0008401870727539062
  },
  "device": "npu:1",
  "hcom_name": "group_name_0",
  "rank": 1,
  "status": "ok",
  "timings_ms": {
    "max": 0.6630641873925924,
    "median": 0.583363464102149,
    "min": 0.5304429214447737
  },
  "world_size": 2
}