{
  "correctness": {
    "atol": 0.005,
    "max_abs_diff": 0.00390625,
    "norm_max_abs_diff": 0.00390625,
    "passes": true,
    "rtol": 0.005,
    "y_max_abs_diff": 0.0009765625
  },
  "entrypoint": "torch_npu.npu_mm_all_reduce_base + torch_npu.npu_add_rms_norm",
  "reference_contract": "add_rms_norm(all_reduce(sum_i(x1_local_i @ x2)), residual_rank, gamma)",
  "shape_summaries": [
    {
      "gamma": [
        128
      ],
      "norm_out": [
        128,
        128
      ],
      "residual": [
        128,
        128
      ],
      "world_size": 2,
      "x1_local": [
        128,
        256
      ],
      "x2": [
        256,
        128
      ],
      "y": [
        128,
        128
      ]
    },
    {
      "gamma": [
        128
      ],
      "norm_out": [
        256,
        128
      ],
      "residual": [
        256,
        128
      ],
      "world_size": 2,
      "x1_local": [
        256,
        256
      ],
      "x2": [
        256,
        128
      ],
      "y": [
        256,
        128
      ]
    }
  ],
  "status": "ok",
  "timings_ms": {
    "max": 1.0966460686177015,
    "median": 0.6145540392026305,
    "min": 0.5314331501722336
  },
  "variant_reports": [
    {
      "correctness": {
        "max_abs_diff": 0.00390625,
        "norm_max_abs_diff": 0.00390625,
        "per_rank_max_abs_diff": [
          0.00390625,
          0.00390625
        ],
        "y_max_abs_diff": 0.0009765625
      },
      "entrypoint": "torch_npu.npu_mm_all_reduce_base + torch_npu.npu_add_rms_norm",
      "rank_reports": [
        {
          "correctness": {
            "max_abs_diff": 0.00390625,
            "norm_max_abs_diff": 0.00390625,
            "y_max_abs_diff": 0.0009765625
          },
          "device": "npu:0",
          "hcom_name": "group_name_0",
          "rank": 0,
          "status": "ok",
          "timings_ms": {
            "max": 1.0966460686177015,
            "median": 0.5885940045118332,
            "min": 0.5355831235647202
          },
          "world_size": 2
        },
        {
          "correctness": {
            "max_abs_diff": 0.00390625,
            "norm_max_abs_diff": 0.00390625,
            "y_max_abs_diff": 0.0009765625
          },
          "device": "npu:1",
          "hcom_name": "group_name_0",
          "rank": 1,
          "status": "ok",
          "timings_ms": {
            "max": 1.0646870359778404,
            "median": 0.5797490011900663,
            "min": 0.5314331501722336
          },
          "world_size": 2
        }
      ],
      "reference_contract": "add_rms_norm(all_reduce(sum_i(x1_local_i @ x2)), residual_rank, gamma)",
      "shape_summary": {
        "gamma": [
          128
        ],
        "norm_out": [
          128,
          128
        ],
        "residual": [
          128,
          128
        ],
        "world_size": 2,
        "x1_local": [
          128,
          256
        ],
        "x2": [
          256,
          128
        ],
        "y": [
          128,
          128
        ]
      },
      "status": "ok",
      "timings_ms": {
        "max": 1.0966460686177015,
        "median": 0.5885940045118332,
        "min": 0.5314331501722336,
        "per_rank_median": [
          0.5885940045118332,
          0.5797490011900663
        ]
      },
      "variant": {
        "dtype": "float16",
        "epsilon": 0.001,
        "expected_world_size": 2,
        "input_scale": 0.125,
        "k": 256,
        "m": 128,
        "n": 128,
        "reduce_op": "sum",
        "seed": 0
      },
      "world_size": 2
    },
    {
      "correctness": {
        "max_abs_diff": 0.00390625,
        "norm_max_abs_diff": 0.00390625,
        "per_rank_max_abs_diff": [
          0.00390625,
          0.00390625
        ],
        "y_max_abs_diff": 0.0009765625
      },
      "entrypoint": "torch_npu.npu_mm_all_reduce_base + torch_npu.npu_add_rms_norm",
      "rank_reports": [
        {
          "correctness": {
            "max_abs_diff": 0.00390625,
            "norm_max_abs_diff": 0.00390625,
            "y_max_abs_diff": 0.0009765625
          },
          "device": "npu:0",
          "hcom_name": "group_name_0",
          "rank": 0,
          "status": "ok",
          "timings_ms": {
            "max": 0.6629240233451128,
            "median": 0.6074735429137945,
            "min": 0.5878040101379156
          },
          "world_size": 2
        },
        {
          "correctness": {
            "max_abs_diff": 0.00390625,
            "norm_max_abs_diff": 0.00390625,
            "y_max_abs_diff": 0.0009765625
          },
          "device": "npu:1",
          "hcom_name": "group_name_0",
          "rank": 1,
          "status": "ok",
          "timings_ms": {
            "max": 0.6738239899277687,
            "median": 0.6145540392026305,
            "min": 0.5935940425843
          },
          "world_size": 2
        }
      ],
      "reference_contract": "add_rms_norm(all_reduce(sum_i(x1_local_i @ x2)), residual_rank, gamma)",
      "shape_summary": {
        "gamma": [
          128
        ],
        "norm_out": [
          256,
          128
        ],
        "residual": [
          256,
          128
        ],
        "world_size": 2,
        "x1_local": [
          256,
          256
        ],
        "x2": [
          256,
          128
        ],
        "y": [
          256,
          128
        ]
      },
      "status": "ok",
      "timings_ms": {
        "max": 0.6738239899277687,
        "median": 0.6145540392026305,
        "min": 0.5878040101379156,
        "per_rank_median": [
          0.6074735429137945,
          0.6145540392026305
        ]
      },
      "variant": {
        "dtype": "float16",
        "epsilon": 0.001,
        "expected_world_size": 2,
        "input_scale": 0.125,
        "k": 256,
        "m": 256,
        "n": 128,
        "reduce_op": "sum",
        "seed": 1
      },
      "world_size": 2
    }
  ],
  "variants": [
    {
      "dtype": "float16",
      "epsilon": 0.001,
      "expected_world_size": 2,
      "input_scale": 0.125,
      "k": 256,
      "m": 128,
      "n": 128,
      "reduce_op": "sum",
      "seed": 0
    },
    {
      "dtype": "float16",
      "epsilon": 0.001,
      "expected_world_size": 2,
      "input_scale": 0.125,
      "k": 256,
      "m": 256,
      "n": 128,
      "reduce_op": "sum",
      "seed": 1
    }
  ]
}