{
  "correctness": {
    "max_abs_diff": 0.0005393028259277344
  },
  "device": "npu:1",
  "rank": 1,
  "reference_contract": "host_orchestrated_all_reduce_then_chunk",
  "status": "ok",
  "timings_ms": {
    "max": 5.452873185276985,
    "median": 0.7271140348166227,
    "min": 0.7030051201581955
  },
  "world_size": 2
}