{
  "correctness": {
    "max_abs_diff": 0.0006699562072753906
  },
  "device": "npu:0",
  "rank": 0,
  "reference_contract": "host_orchestrated_all_reduce_then_chunk",
  "status": "ok",
  "timings_ms": {
    "max": 5.586224142462015,
    "median": 0.7249340415000916,
    "min": 0.7036840543150902
  },
  "world_size": 2
}