{
  "correctness": {
    "max_abs_diff": 0.0008401870727539062
  },
  "device": "npu:1",
  "rank": 1,
  "reference_contract": "host_orchestrated_all_reduce_then_chunk",
  "status": "ok",
  "timings_ms": {
    "max": 0.7182441186159849,
    "median": 0.6834189407527447,
    "min": 0.6543840281665325
  },
  "world_size": 2
}