{
  "correctness": {
    "max_abs_diff": 0.00390625,
    "norm_max_abs_diff": 0.00390625,
    "y_max_abs_diff": 0.0009765625
  },
  "device": "npu:0",
  "hcom_name": "group_name_0",
  "rank": 0,
  "status": "ok",
  "timings_ms": {
    "max": 0.7333448156714439,
    "median": 0.6635434692725539,
    "min": 0.6079140584915876
  },
  "world_size": 2
}