{
  "correctness": {
    "atol": 0.02,
    "max_abs_diff": 46.41725540161133,
    "passes": false,
    "rtol": 0.02
  },
  "entrypoint": "torch_npu.npu_grouped_matmul_add",
  "reference_contract": "bf16_transposex_matmul_add_f32",
  "shape_summaries": [
    {
      "output": [
        64,
        128
      ],
      "weight": [
        128,
        128
      ],
      "x_pto": [
        64,
        128
      ],
      "x_t": [
        128,
        64
      ],
      "y_init": [
        64,
        128
      ]
    },
    {
      "output": [
        128,
        256
      ],
      "weight": [
        128,
        256
      ],
      "x_pto": [
        128,
        128
      ],
      "x_t": [
        128,
        128
      ],
      "y_init": [
        128,
        256
      ]
    }
  ],
  "status": "ok",
  "timings_ms": {
    "max": 0.8760450873523951,
    "median": 0.24271209258586168,
    "min": 0.21285214461386204
  },
  "variant_reports": [
    {
      "correctness": {
        "max_abs_diff": 46.41725540161133
      },
      "shape_summary": {
        "output": [
          64,
          128
        ],
        "weight": [
          128,
          128
        ],
        "x_pto": [
          64,
          128
        ],
        "x_t": [
          128,
          64
        ],
        "y_init": [
          64,
          128
        ]
      },
      "timings_ms": {
        "max": 0.2854021731764078,
        "median": 0.22077641915529966,
        "min": 0.21285214461386204
      },
      "variant": {
        "input_dtype": "bfloat16",
        "k": 128,
        "m": 64,
        "n": 128,
        "output_dtype": "float32",
        "seed": 0
      }
    },
    {
      "correctness": {
        "max_abs_diff": 46.19580841064453
      },
      "shape_summary": {
        "output": [
          128,
          256
        ],
        "weight": [
          128,
          256
        ],
        "x_pto": [
          128,
          128
        ],
        "x_t": [
          128,
          128
        ],
        "y_init": [
          128,
          256
        ]
      },
      "timings_ms": {
        "max": 0.8760450873523951,
        "median": 0.24271209258586168,
        "min": 0.23438106290996075
      },
      "variant": {
        "input_dtype": "bfloat16",
        "k": 128,
        "m": 128,
        "n": 256,
        "output_dtype": "float32",
        "seed": 1
      }
    }
  ],
  "variants": [
    {
      "input_dtype": "bfloat16",
      "k": 128,
      "m": 64,
      "n": 128,
      "output_dtype": "float32",
      "seed": 0
    },
    {
      "input_dtype": "bfloat16",
      "k": 128,
      "m": 128,
      "n": 256,
      "output_dtype": "float32",
      "seed": 1
    }
  ]
}