{
  "correctness": {
    "max_abs_diff": 0.0007658004760742188
  },
  "device": "npu:0",
  "hcom_name": "group_name_0",
  "rank": 0,
  "status": "ok",
  "timings_ms": {
    "max": 0.5396429914981127,
    "median": 0.5106078460812569,
    "min": 0.4880430642515421
  },
  "world_size": 2
}