{
  "correctness": {
    "max_abs_diff": 0.009765625,
    "norm_max_abs_diff": 0.009765625,
    "y_max_abs_diff": 0.0009765625
  },
  "device": "npu:1",
  "rank": 1,
  "status": "ok",
  "timings_ms": {
    "max": 1.8416508100926876,
    "median": 0.8900100365281105,
    "min": 0.8641150780022144
  },
  "world_size": 2
}