{
  "correctness": {
    "max_abs_diff": 0.0007658004760742188
  },
  "device": "npu:0",
  "rank": 0,
  "reference_contract": "host_orchestrated_all_reduce_then_chunk",
  "status": "ok",
  "timings_ms": {
    "max": 0.968175008893013,
    "median": 0.7442700443789363,
    "min": 0.7060440257191658
  },
  "world_size": 2
}