{
  "correctness": {
    "max_abs_diff": 0.0008401870727539062
  },
  "device": "npu:1",
  "rank": 1,
  "reference_contract": "host_orchestrated_all_reduce_then_chunk",
  "status": "ok",
  "timings_ms": {
    "max": 0.9569360408931971,
    "median": 0.7444240618497133,
    "min": 0.7001941557973623
  },
  "world_size": 2
}