{
  "correctness": {
    "max_abs_diff": 0.0007658004760742188
  },
  "device": "npu:0",
  "hcom_name": "group_name_0",
  "rank": 0,
  "status": "ok",
  "timings_ms": {
    "max": 0.6151439156383276,
    "median": 0.5827235290780663,
    "min": 0.5606131162494421
  },
  "world_size": 2
}