{
  "correctness": {
    "max_abs_diff": 0.0008401870727539062
  },
  "device": "npu:1",
  "hcom_name": "group_name_0",
  "rank": 1,
  "status": "ok",
  "timings_ms": {
    "max": 0.7966849952936172,
    "median": 0.6101734470576048,
    "min": 0.5087030585855246
  },
  "world_size": 2
}