{
  "correctness": {
    "max_abs_diff": 0.0007658004760742188
  },
  "device": "npu:0",
  "rank": 0,
  "reference_contract": "host_orchestrated_all_reduce_then_chunk",
  "status": "ok",
  "timings_ms": {
    "max": 4.764867946505547,
    "median": 0.731924083083868,
    "min": 0.6987741217017174
  },
  "world_size": 2
}