{
  "correctness": {
    "max_abs_diff": 0.0008401870727539062
  },
  "device": "npu:1",
  "rank": 1,
  "reference_contract": "host_orchestrated_all_reduce_then_chunk",
  "status": "ok",
  "timings_ms": {
    "max": 4.795779008418322,
    "median": 0.7328740321099758,
    "min": 0.7069241255521774
  },
  "world_size": 2
}