{
  "correctness": {
    "max_abs_diff": 0.0006699562072753906
  },
  "device": "npu:0",
  "rank": 0,
  "reference_contract": "host_orchestrated_all_reduce_then_chunk",
  "status": "ok",
  "timings_ms": {
    "max": 4.0353641379624605,
    "median": 0.7446045055985451,
    "min": 0.7190541364252567
  },
  "world_size": 2
}