{
  "correctness": {
    "atol": 0.005,
    "max_abs_diff": 0.00390625,
    "norm_max_abs_diff": 0.00390625,
    "passes": true,
    "rtol": 0.005,
    "y_max_abs_diff": 0.0009765625
  },
  "entrypoint": "torch_npu.npu_mm_all_reduce_base + torch_npu.npu_add_rms_norm",
  "reference_contract": "add_rms_norm(all_reduce(sum_i(x1_local_i @ x2)), residual_rank, gamma)",
  "shape_summaries": [
    {
      "gamma": [
        128
      ],
      "norm_out": [
        128,
        128
      ],
      "residual": [
        128,
        128
      ],
      "world_size": 2,
      "x1_local": [
        128,
        256
      ],
      "x2": [
        256,
        128
      ],
      "y": [
        128,
        128
      ]
    },
    {
      "gamma": [
        128
      ],
      "norm_out": [
        256,
        128
      ],
      "residual": [
        256,
        128
      ],
      "world_size": 2,
      "x1_local": [
        256,
        256
      ],
      "x2": [
        256,
        128
      ],
      "y": [
        256,
        128
      ]
    }
  ],
  "status": "ok",
  "timings_ms": {
    "max": 0.7924949750304222,
    "median": 0.6050080992281437,
    "min": 0.5367731209844351
  },
  "variant_reports": [
    {
      "correctness": {
        "max_abs_diff": 0.00390625,
        "norm_max_abs_diff": 0.00390625,
        "per_rank_max_abs_diff": [
          0.00390625,
          0.00390625
        ],
        "y_max_abs_diff": 0.0009765625
      },
      "entrypoint": "torch_npu.npu_mm_all_reduce_base + torch_npu.npu_add_rms_norm",
      "rank_reports": [
        {
          "correctness": {
            "max_abs_diff": 0.00390625,
            "norm_max_abs_diff": 0.00390625,
            "y_max_abs_diff": 0.0009765625
          },
          "device": "npu:0",
          "hcom_name": "group_name_0",
          "rank": 0,
          "status": "ok",
          "timings_ms": {
            "max": 0.6373641081154346,
            "median": 0.582823995500803,
            "min": 0.5636329296976328
          },
          "world_size": 2
        },
        {
          "correctness": {
            "max_abs_diff": 0.00390625,
            "norm_max_abs_diff": 0.00390625,
            "y_max_abs_diff": 0.0009765625
          },
          "device": "npu:1",
          "hcom_name": "group_name_0",
          "rank": 1,
          "status": "ok",
          "timings_ms": {
            "max": 0.6728640291839838,
            "median": 0.6050080992281437,
            "min": 0.5660031456500292
          },
          "world_size": 2
        }
      ],
      "reference_contract": "add_rms_norm(all_reduce(sum_i(x1_local_i @ x2)), residual_rank, gamma)",
      "shape_summary": {
        "gamma": [
          128
        ],
        "norm_out": [
          128,
          128
        ],
        "residual": [
          128,
          128
        ],
        "world_size": 2,
        "x1_local": [
          128,
          256
        ],
        "x2": [
          256,
          128
        ],
        "y": [
          128,
          128
        ]
      },
      "status": "ok",
      "timings_ms": {
        "max": 0.6728640291839838,
        "median": 0.6050080992281437,
        "min": 0.5636329296976328,
        "per_rank_median": [
          0.582823995500803,
          0.6050080992281437
        ]
      },
      "variant": {
        "dtype": "float16",
        "epsilon": 0.001,
        "expected_world_size": 2,
        "input_scale": 0.125,
        "k": 256,
        "m": 128,
        "n": 128,
        "reduce_op": "sum",
        "seed": 0
      },
      "world_size": 2
    },
    {
      "correctness": {
        "max_abs_diff": 0.00390625,
        "norm_max_abs_diff": 0.00390625,
        "per_rank_max_abs_diff": [
          0.00390625,
          0.00390625
        ],
        "y_max_abs_diff": 0.0009765625
      },
      "entrypoint": "torch_npu.npu_mm_all_reduce_base + torch_npu.npu_add_rms_norm",
      "rank_reports": [
        {
          "correctness": {
            "max_abs_diff": 0.00390625,
            "norm_max_abs_diff": 0.00390625,
            "y_max_abs_diff": 0.0009765625
          },
          "device": "npu:0",
          "hcom_name": "group_name_0",
          "rank": 0,
          "status": "ok",
          "timings_ms": {
            "max": 0.6222040392458439,
            "median": 0.574938952922821,
            "min": 0.5411338061094284
          },
          "world_size": 2
        },
        {
          "correctness": {
            "max_abs_diff": 0.00390625,
            "norm_max_abs_diff": 0.00390625,
            "y_max_abs_diff": 0.0009765625
          },
          "device": "npu:1",
          "hcom_name": "group_name_0",
          "rank": 1,
          "status": "ok",
          "timings_ms": {
            "max": 0.7924949750304222,
            "median": 0.5701584741473198,
            "min": 0.5367731209844351
          },
          "world_size": 2
        }
      ],
      "reference_contract": "add_rms_norm(all_reduce(sum_i(x1_local_i @ x2)), residual_rank, gamma)",
      "shape_summary": {
        "gamma": [
          128
        ],
        "norm_out": [
          256,
          128
        ],
        "residual": [
          256,
          128
        ],
        "world_size": 2,
        "x1_local": [
          256,
          256
        ],
        "x2": [
          256,
          128
        ],
        "y": [
          256,
          128
        ]
      },
      "status": "ok",
      "timings_ms": {
        "max": 0.7924949750304222,
        "median": 0.574938952922821,
        "min": 0.5367731209844351,
        "per_rank_median": [
          0.574938952922821,
          0.5701584741473198
        ]
      },
      "variant": {
        "dtype": "float16",
        "epsilon": 0.001,
        "expected_world_size": 2,
        "input_scale": 0.125,
        "k": 256,
        "m": 256,
        "n": 128,
        "reduce_op": "sum",
        "seed": 1
      },
      "world_size": 2
    }
  ],
  "variants": [
    {
      "dtype": "float16",
      "epsilon": 0.001,
      "expected_world_size": 2,
      "input_scale": 0.125,
      "k": 256,
      "m": 128,
      "n": 128,
      "reduce_op": "sum",
      "seed": 0
    },
    {
      "dtype": "float16",
      "epsilon": 0.001,
      "expected_world_size": 2,
      "input_scale": 0.125,
      "k": 256,
      "m": 256,
      "n": 128,
      "reduce_op": "sum",
      "seed": 1
    }
  ]
}