{
  "correctness": {
    "max_abs_diff": 0.00390625,
    "norm_max_abs_diff": 0.00390625,
    "y_max_abs_diff": 0.0009765625
  },
  "device": "npu:0",
  "rank": 0,
  "status": "ok",
  "timings_ms": {
    "max": 2.1769730374217033,
    "median": 0.8743199286982417,
    "min": 0.8356550242751837
  },
  "world_size": 2
}