{
  "correctness": {
    "max_abs_diff": 0.0007658004760742188
  },
  "device": "npu:0",
  "hcom_name": "group_name_0",
  "rank": 0,
  "status": "ok",
  "timings_ms": {
    "max": 0.5786330439150333,
    "median": 0.5328030092641711,
    "min": 0.49959286116063595
  },
  "world_size": 2
}