{
  "correctness": {
    "max_abs_diff": 0.0008401870727539062
  },
  "device": "npu:1",
  "hcom_name": "group_name_0",
  "rank": 1,
  "status": "ok",
  "timings_ms": {
    "max": 0.5734940059483051,
    "median": 0.5286685191094875,
    "min": 0.5049128085374832
  },
  "world_size": 2
}