{
  "correctness": {
    "max_abs_diff": 0.0007658004760742188
  },
  "device": "npu:0",
  "hcom_name": "group_name_0",
  "rank": 0,
  "status": "ok",
  "timings_ms": {
    "max": 0.5931439809501171,
    "median": 0.5612688837572932,
    "min": 0.5325027741491795
  },
  "world_size": 2
}