{
  "correctness": {
    "max_abs_diff": 0.0007658004760742188
  },
  "device": "npu:0",
  "rank": 0,
  "reference_contract": "host_orchestrated_all_reduce_then_chunk",
  "status": "ok",
  "timings_ms": {
    "max": 2.8313170187175274,
    "median": 0.7298750570043921,
    "min": 0.7001340854912996
  },
  "world_size": 2
}