{
  "correctness": {
    "max_abs_diff": 0.0008401870727539062
  },
  "device": "npu:1",
  "rank": 1,
  "reference_contract": "host_orchestrated_all_reduce_then_chunk",
  "status": "ok",
  "timings_ms": {
    "max": 2.836616011336446,
    "median": 0.7414795691147447,
    "min": 0.6923850160092115
  },
  "world_size": 2
}