{
  "correctness": {
    "max_abs_diff": 0.00390625,
    "norm_max_abs_diff": 0.00390625,
    "y_max_abs_diff": 0.0009765625
  },
  "device": "npu:0",
  "rank": 0,
  "status": "ok",
  "timings_ms": {
    "max": 1.2081668246537447,
    "median": 0.9665205143392086,
    "min": 0.9244950488209724
  },
  "world_size": 2
}