{
  "correctness": {
    "max_abs_diff": 0.0008401870727539062
  },
  "device": "npu:1",
  "hcom_name": "group_name_0",
  "rank": 1,
  "status": "ok",
  "timings_ms": {
    "max": 0.5870929453521967,
    "median": 0.5684179486706853,
    "min": 0.5377528723329306
  },
  "world_size": 2
}