{
  "correctness": {
    "max_abs_diff": 0.0007658004760742188
  },
  "device": "npu:0",
  "hcom_name": "group_name_0",
  "rank": 0,
  "status": "ok",
  "timings_ms": {
    "max": 0.5998942069709301,
    "median": 0.5626033525913954,
    "min": 0.5397030618041754
  },
  "world_size": 2
}