{
  "correctness": {
    "max_abs_diff": 0.009765625,
    "norm_max_abs_diff": 0.009765625,
    "y_max_abs_diff": 0.0009765625
  },
  "device": "npu:1",
  "rank": 1,
  "status": "ok",
  "timings_ms": {
    "max": 4.893549019470811,
    "median": 0.9163760114461184,
    "min": 0.8869760204106569
  },
  "world_size": 2
}