{
  "correctness": {
    "atol": 0.01,
    "max_abs_diff": 0.003795623779296875,
    "passes": true,
    "rtol": 0.01
  },
  "entrypoint": "torch_npu.npu_rotary_mul",
  "reference_contract": "fp16_half_rotary_bsnd_bnsd_d128",
  "shape_summaries": [
    {
      "cos": [
        2,
        32,
        1,
        128
      ],
      "out": [
        2,
        32,
        1,
        128
      ],
      "sin": [
        2,
        32,
        1,
        128
      ],
      "x": [
        2,
        32,
        1,
        128
      ]
    },
    {
      "cos": [
        2,
        1,
        32,
        128
      ],
      "out": [
        2,
        1,
        32,
        128
      ],
      "sin": [
        2,
        1,
        32,
        128
      ],
      "x": [
        2,
        1,
        32,
        128
      ]
    }
  ],
  "status": "ok",
  "timings_ms": {
    "max": 0.1931020524352789,
    "median": 0.09962101466953754,
    "min": 0.09437091648578644
  },
  "variant_reports": [
    {
      "correctness": {
        "max_abs_diff": 0.0035047531127929688
      },
      "shape_summary": {
        "cos": [
          2,
          32,
          1,
          128
        ],
        "out": [
          2,
          32,
          1,
          128
        ],
        "sin": [
          2,
          32,
          1,
          128
        ],
        "x": [
          2,
          32,
          1,
          128
        ]
      },
      "timings_ms": {
        "max": 0.1931020524352789,
        "median": 0.09902555029839277,
        "min": 0.09437091648578644
      },
      "variant": {
        "batch": 2,
        "dtype": "float16",
        "head_dim": 128,
        "heads": 1,
        "layout": "BSND",
        "mode": "half",
        "seed": 0,
        "seq_len": 32
      }
    },
    {
      "correctness": {
        "max_abs_diff": 0.003795623779296875
      },
      "shape_summary": {
        "cos": [
          2,
          1,
          32,
          128
        ],
        "out": [
          2,
          1,
          32,
          128
        ],
        "sin": [
          2,
          1,
          32,
          128
        ],
        "x": [
          2,
          1,
          32,
          128
        ]
      },
      "timings_ms": {
        "max": 0.12837094254791737,
        "median": 0.09962101466953754,
        "min": 0.09519094601273537
      },
      "variant": {
        "batch": 2,
        "dtype": "float16",
        "head_dim": 128,
        "heads": 1,
        "layout": "BNSD",
        "mode": "half",
        "seed": 1,
        "seq_len": 32
      }
    }
  ],
  "variants": [
    {
      "batch": 2,
      "dtype": "float16",
      "head_dim": 128,
      "heads": 1,
      "layout": "BSND",
      "mode": "half",
      "seed": 0,
      "seq_len": 32
    },
    {
      "batch": 2,
      "dtype": "float16",
      "head_dim": 128,
      "heads": 1,
      "layout": "BNSD",
      "mode": "half",
      "seed": 1,
      "seq_len": 32
    }
  ]
}