{
  "correctness": {
    "max_abs_diff": 0.0006699562072753906
  },
  "device": "npu:0",
  "hcom_name": "group_name_0",
  "rank": 0,
  "status": "ok",
  "timings_ms": {
    "max": 0.564162852242589,
    "median": 0.5240885075181723,
    "min": 0.5071531049907207
  },
  "world_size": 2
}