{
  "correctness": {
    "max_abs_diff": 0.00048828125
  },
  "device": "npu:0",
  "rank": 0,
  "status": "ok",
  "timings_ms": {
    "max": 0.8951351046562195,
    "median": 0.723700039088726,
    "min": 0.6712041795253754
  },
  "world_size": 2
}