{
  "correctness": {
    "max_abs_diff": 0.001953125,
    "norm_max_abs_diff": 0.001953125,
    "residual_y_max_abs_diff": 0.0009765625
  },
  "device": "npu:1",
  "rank": 1,
  "status": "ok",
  "timings_ms": {
    "max": 1.5777000226080418,
    "median": 1.027130987495184,
    "min": 0.981285935267806
  },
  "world_size": 2
}