{
  "entrypoint": "torch_npu.npu_mm_reduce_scatter_base",
  "reason": "Distributed ranked job failed.",
  "status": "blocked",
  "variant_reports": [
    {
      "correctness": {
        "max_abs_diff": 0.0008401870727539062,
        "per_rank_max_abs_diff": [
          0.0007658004760742188,
          0.0008401870727539062
        ]
      },
      "entrypoint": "torch_npu.npu_mm_reduce_scatter_base",
      "rank_reports": [
        {
          "correctness": {
            "max_abs_diff": 0.0007658004760742188
          },
          "device": "npu:0",
          "hcom_name": "group_name_0",
          "rank": 0,
          "status": "ok",
          "timings_ms": {
            "max": 0.6878238637000322,
            "median": 0.5963180446997285,
            "min": 0.5569739732891321
          },
          "world_size": 2
        },
        {
          "correctness": {
            "max_abs_diff": 0.0008401870727539062
          },
          "device": "npu:1",
          "hcom_name": "group_name_0",
          "rank": 1,
          "status": "ok",
          "timings_ms": {
            "max": 0.6630641873925924,
            "median": 0.583363464102149,
            "min": 0.5304429214447737
          },
          "world_size": 2
        }
      ],
      "reference_contract": "reduce_scatter(sum_i(x1_i @ x2_i))",
      "shape_summary": {
        "local_mm": [
          128,
          128
        ],
        "reduce_scatter_output_per_rank": [
          64,
          128
        ],
        "world_size": 2,
        "x1": [
          128,
          256
        ],
        "x2": [
          256,
          128
        ]
      },
      "status": "ok",
      "timings_ms": {
        "max": 0.6878238637000322,
        "median": 0.5963180446997285,
        "min": 0.5304429214447737,
        "per_rank_median": [
          0.5963180446997285,
          0.583363464102149
        ]
      },
      "variant": {
        "bias": false,
        "comm_turn": 0,
        "dtype": "float16",
        "expected_world_size": 2,
        "input_scale": 0.125,
        "k": 256,
        "m": 128,
        "n": 128,
        "reduce_op": "sum",
        "seed": 0,
        "stream_mode": 1
      },
      "world_size": 2
    },
    {
      "correctness": {
        "max_abs_diff": 0.0006699562072753906,
        "per_rank_max_abs_diff": [
          0.0006699562072753906,
          0.0005393028259277344
        ]
      },
      "entrypoint": "torch_npu.npu_mm_reduce_scatter_base",
      "rank_reports": [
        {
          "correctness": {
            "max_abs_diff": 0.0006699562072753906
          },
          "device": "npu:0",
          "hcom_name": "group_name_0",
          "rank": 0,
          "status": "ok",
          "timings_ms": {
            "max": 1.235657837241888,
            "median": 0.6222935626283288,
            "min": 0.5391831509768963
          },
          "world_size": 2
        },
        {
          "correctness": {
            "max_abs_diff": 0.0005393028259277344
          },
          "device": "npu:1",
          "hcom_name": "group_name_0",
          "rank": 1,
          "status": "ok",
          "timings_ms": {
            "max": 1.1237070430070162,
            "median": 0.6474634865298867,
            "min": 0.5271839909255505
          },
          "world_size": 2
        }
      ],
      "reference_contract": "reduce_scatter(sum_i(x1_i @ x2_i))",
      "shape_summary": {
        "local_mm": [
          64,
          128
        ],
        "reduce_scatter_output_per_rank": [
          32,
          128
        ],
        "world_size": 2,
        "x1": [
          64,
          256
        ],
        "x2": [
          256,
          128
        ]
      },
      "status": "ok",
      "timings_ms": {
        "max": 1.235657837241888,
        "median": 0.6474634865298867,
        "min": 0.5271839909255505,
        "per_rank_median": [
          0.6222935626283288,
          0.6474634865298867
        ]
      },
      "variant": {
        "bias": false,
        "comm_turn": 0,
        "dtype": "float16",
        "expected_world_size": 2,
        "input_scale": 0.125,
        "k": 256,
        "m": 64,
        "n": 128,
        "reduce_op": "sum",
        "seed": 1,
        "stream_mode": 1
      },
      "world_size": 2
    },
    {
      "rank_reports": [
        {
          "rank": 0,
          "reason": "npu_mm_reduce_scatter_base:build/CMakeFiles/torch_npu.dir/compiler_depend.ts:54 NPU function error: call aclnnMatmulReduceScatter failed, error code is 161002\n[ERROR] 2026-03-12-14:56:50 (PID:2230869, Device:0, RankID:0) ERR00100 PTA call acl api failed.\n[PID: 2230869] 2026-03-12-14:56:50.561.347 AclNN_Parameter_Error(EZ1001): The k-axis should be in range[256, 65535), but it is: 128.\n",
          "status": "blocked",
          "world_size": 2
        },
        {
          "rank": 1,
          "reason": "npu_mm_reduce_scatter_base:build/CMakeFiles/torch_npu.dir/compiler_depend.ts:54 NPU function error: call aclnnMatmulReduceScatter failed, error code is 161002\n[ERROR] 2026-03-12-14:56:50 (PID:2230870, Device:1, RankID:1) ERR00100 PTA call acl api failed.\n[PID: 2230870] 2026-03-12-14:56:50.560.886 AclNN_Parameter_Error(EZ1001): The k-axis should be in range[256, 65535), but it is: 128.\n",
          "status": "blocked",
          "world_size": 2
        }
      ],
      "reason": "Distributed ranked job failed.",
      "status": "blocked",
      "variant": {
        "bias": false,
        "comm_turn": 0,
        "dtype": "float16",
        "expected_world_size": 2,
        "input_scale": 0.125,
        "k": 128,
        "m": 128,
        "n": 128,
        "reduce_op": "sum",
        "seed": 2,
        "stream_mode": 1
      },
      "world_size": 2
    }
  ],
  "variants": [
    {
      "bias": false,
      "comm_turn": 0,
      "dtype": "float16",
      "expected_world_size": 2,
      "input_scale": 0.125,
      "k": 256,
      "m": 128,
      "n": 128,
      "reduce_op": "sum",
      "seed": 0,
      "stream_mode": 1
    },
    {
      "bias": false,
      "comm_turn": 0,
      "dtype": "float16",
      "expected_world_size": 2,
      "input_scale": 0.125,
      "k": 256,
      "m": 64,
      "n": 128,
      "reduce_op": "sum",
      "seed": 1,
      "stream_mode": 1
    },
    {
      "bias": false,
      "comm_turn": 0,
      "dtype": "float16",
      "expected_world_size": 2,
      "input_scale": 0.125,
      "k": 128,
      "m": 128,
      "n": 128,
      "reduce_op": "sum",
      "seed": 2,
      "stream_mode": 1
    }
  ]
}