{
  "correctness": {
    "max_abs_diff": 0.0006699562072753906
  },
  "device": "npu:0",
  "rank": 0,
  "reference_contract": "host_orchestrated_all_reduce_then_chunk",
  "status": "ok",
  "timings_ms": {
    "max": 0.8670149836689234,
    "median": 0.7664799923077226,
    "min": 0.6643540691584349
  },
  "world_size": 2
}