{
  "correctness": {
    "max_abs_diff": 0.0005393028259277344
  },
  "device": "npu:1",
  "rank": 1,
  "reference_contract": "host_orchestrated_all_reduce_then_chunk",
  "status": "ok",
  "timings_ms": {
    "max": 1.0433760471642017,
    "median": 0.760109513066709,
    "min": 0.6689741276204586
  },
  "world_size": 2
}