{
  "correctness": {
    "max_abs_diff": 0.0007658004760742188
  },
  "device": "npu:0",
  "hcom_name": "group_name_0",
  "rank": 0,
  "status": "ok",
  "timings_ms": {
    "max": 0.6967941299080849,
    "median": 0.5418884102255106,
    "min": 0.49677304923534393
  },
  "world_size": 2
}